1;Ф.М.Достоевский;M. Ф. Достоевская;Апрель (после 20) — начало мая 1834;Москва;русский;Институт русской литературы РАН;Собрание сочинений в 15 томах;15;1;5;http://rvb.ru/dostoevski/02comm/345.htm
2;Ф.М.Достоевский;М. Ф. Достоевская;9 мая 1835;Москва;русский;Институт русской литературы РАН;Собрание сочинений в 15 томах;15;2;5;http://rvb.ru/dostoevski/02comm/346.htm
3;Ф.М.Достоевский;M. Ф. Достоевская;26 мая 1835;Москва;русский;Институт русской литературы РАН;Собрание сочинений в 15 томах;15;3;6;http://rvb.ru/dostoevski/02comm/347.htm
4;Ф.М.Достоевский;М. А. Достоевский;23 июля 1837;Петербург;русский;Институт русской литературы РАН;Собрание сочинений в 15 томах;15;4;6;http://rvb.ru/dostoevski/02comm/348.htm
5;Ф.М.Достоевский;M. A. Достоевский;6 сентября 1837;Петербург;русский;Институт русской литературы РАН;Собрание сочинений в 15 томах;15;5;8;http://rvb.ru/dostoevski/02comm/349.htm
6;Ф.М.Достоевский;М. А. Достоевский;4 февраля 1838;Петербург;русский;Институт русской литературы РАН;Собрание сочинений в 15 томах;15;6;9;http://rvb.ru/dostoevski/02comm/350.htm
7;Ф.М.Достоевский;M. M. Достоевский;9 августа 1838;Петербург;русский;Институт русской литературы РАН;Собрание сочинений в 15 томах;15;7;11;http://rvb.ru/dostoevski/02comm/351.htm
8;Ф.М.Достоевский;M. M. Достоевский;31 октября 1838;Петербург;русский;Институт русской литературы РАН;Собрание сочинений в 15 томах;15;8;13;http://rvb.ru/dostoevski/02comm/352.htm
9;Ф.М.Достоевский;М. А. Достоевский;5—10 мая 1839;Петербург;русский;Институт русской литературы РАН;Собрание сочинений в 15 томах;15;9;16;http://rvb.ru/dostoevski/02comm/353.htm
10;Ф.М.Достоевский;M. M. Достоевский;16 августа 1839;Петербург;русский;Институт русской литературы РАН;Собрание сочинений в 15 томах;15;10;20;http://rvb.ru/dostoevski/02comm/354.htm
11;Ф.М.Достоевский;А. А. И;25 декабря 1839;Петербург;русский;Институт русской литературы РАН;Собрание сочинений в 15 томах;15;11;22;http://rvb.ru/dostoevski/02comm/355.htm
12;Ф.М.Достоевский;M. M. Достоевский;1 января 1840;Петербург;русский;Институт русской литературы РАН;Собрание сочинений в 15 томах;15;12;24;http://rvb.ru/dostoevski/02comm/356.htm
13;Ф.М.Достоевский;M. M. Достоевский;19 июля 1840;Петергоф;русский;Институт русской литературы РАН;Собрание сочинений в 15 томах;15;13;30;http://rvb.ru/dostoevski/02comm/357.htm
14;Ф.М.Достоевский;M. M. Достоевский;22 декабря 1841;Петербург;русский;Институт русской литературы РАН;Собрание сочинений в 15 томах;15;14;33;http://rvb.ru/dostoevski/02comm/358.htm
15;Ф.М.Достоевский;M. M. Достоевский;31 декабря 1843;Петербург;русский;Институт русской литературы РАН;Собрание сочинений в 15 томах;15;15;34;http://rvb.ru/dostoevski/02comm/359.htm
16;Ф.М.Достоевский;M. M. Достоевский;Вторая половина января 1844;Петербург;русский;Институт русской литературы РАН;Собрание сочинений в 15 томах;15;16;36;http://rvb.ru/dostoevski/02comm/360.htm
17;Ф.М.Достоевский;M. M. Достоевский;Июль—август 1844;Петербург;русский;Институт русской литературы РАН;Собрание сочинений в 15 томах;15;17;38;http://rvb.ru/dostoevski/02comm/361.htm
18;Ф.М.Достоевский;П. А. Карепин;7 сентября 1844;Петербург;русский;Институт русской литературы РАН;Собрание сочинений в 15 томах;15;18;41;http://rvb.ru/dostoevski/02comm/362.htm
19;Ф.М.Достоевский;M. M. Достоевский;30 сентября 1844;Петербург;русский;Институт русской литературы РАН;Собрание сочинений в 15 томах;15;19;44;http://rvb.ru/dostoevski/02comm/363.htm
20;Ф.М.Достоевский;M. M. Достоевский;24 марта 1845;Петербург;русский;Институт русской литературы РАН;Собрание сочинений в 15 томах;15;20;46;http://rvb.ru/dostoevski/02comm/364.htm
21;Ф.М.Достоевский;M. M. Достоевский;3 сентября 1845;Петербург;русский;Институт русской литературы РАН;Собрание сочинений в 15 томах;15;21;49;http://rvb.ru/dostoevski/02comm/365.htm
22;Ф.М.Достоевский;M. M. Достоевский;8 октября 1845;Петербург;русский;Институт русской литературы РАН;Собрание сочинений в 15 томах;15;22;51;http://rvb.ru/dostoevski/02comm/366.htm
23;Ф.М.Достоевский;M. M. Достоевский;16 ноября 1845;Петербург;русский;Институт русской литературы РАН;Собрание сочинений в 15 томах;15;23;54;http://rvb.ru/dostoevski/02comm/367.htm
24;Ф.М.Достоевский;M. M. Достоевский;1 февраля 1846;Петербург;русский;Институт русской литературы РАН;Собрание сочинений в 15 томах;15;24;56;http://rvb.ru/dostoevski/02comm/368.htm
25;Ф.М.Достоевский;M. M. Достоевский;1 апреля 1846;Петербург;русский;Институт русской литературы РАН;Собрание сочинений в 15 томах;15;25;58;http://rvb.ru/dostoevski/02comm/369.htm
26;Ф.М.Достоевский;M. M. Достоевский;26 апреля 1846;Петербург;русский;Институт русской литературы РАН;Собрание сочинений в 15 томах;15;26;61;http://rvb.ru/dostoevski/02comm/370.htm
27;Ф.М.Достоевский;M. M. Достоевский;5 сентября 1846;Петербург;русский;Институт русской литературы РАН;Собрание сочинений в 15 томах;15;27;63;http://rvb.ru/dostoevski/02comm/371.htm
28;Ф.М.Достоевский;M. M. Достоевский;17 сентября 1846;Петербург;русский;Институт русской литературы РАН;Собрание сочинений в 15 томах;15;28;64;http://rvb.ru/dostoevski/02comm/372.htm
29;Ф.М.Достоевский;M. M. Достоевский;26 ноября 1846;Петербург;русский;Институт русской литературы РАН;Собрание сочинений в 15 томах;15;29;66;http://rvb.ru/dostoevski/02comm/373.htm
30;Ф.М.Достоевский;M. M. Достоевский;17 декабря 1846;Петербург;русский;Институт русской литературы РАН;Собрание сочинений в 15 томах;15;30;68;http://rvb.ru/dostoevski/02comm/374.htm
31;Ф.М.Достоевский;M. M. Достоевский;Январь—февраль 1847;Петербург;русский;Институт русской литературы РАН;Собрание сочинений в 15 томах;15;31;69;http://rvb.ru/dostoevski/02comm/375.htm
32;Ф.М.Достоевский;Е. П. Майкова;14 мая 1848;Петербург;русский;Институт русской литературы РАН;Собрание сочинений в 15 томах;15;32;72;http://rvb.ru/dostoevski/02comm/376.htm
33;Ф.М.Достоевский;А. А. Краевский;31 марта 1849;Петербург;русский;Институт русской литературы РАН;Собрание сочинений в 15 томах;15;33;73;http://rvb.ru/dostoevski/02comm/377.htm
34;Ф.М.Достоевский;M. M. Достоевский;18 июля 1849;Петербург. Петропавловская крепость;русский;Институт русской литературы РАН;Собрание сочинений в 15 томах;15;34;76;http://rvb.ru/dostoevski/02comm/378.htm
35;Ф.М.Достоевский;M. M. Достоевский;27 августа 1849;Петербург. Петропавловская крепость;русский;Институт русской литературы РАН;Собрание сочинений в 15 томах;15;35;78;http://rvb.ru/dostoevski/02comm/379.htm
36;Ф.М.Достоевский;M. M. Достоевский;14 сентября 1849;Петербург. Петропавловская крепость;русский;Институт русской литературы РАН;Собрание сочинений в 15 томах;15;36;80;http://rvb.ru/dostoevski/02comm/380.htm
37;Ф.М.Достоевский;M. M. Достоевский;22 декабря 1849;Петербург. Петропавловская крепость;русский;Институт русской литературы РАН;Собрание сочинений в 15 томах;15;37;81;http://rvb.ru/dostoevski/02comm/381.htm
38;Ф.М.Достоевский;M. M. Достоевский;30 января — 22 февраля 1854;Омск;русский;Институт русской литературы РАН;Собрание сочинений в 15 томах;15;38;85;http://rvb.ru/dostoevski/02comm/382.htm
39;Ф.М.Достоевский;Н. Д. Фонвизина;Конец января — 20-е числа февраля 1854;Омск;русский;Институт русской литературы РАН;Собрание сочинений в 15 томах;15;39;95;http://rvb.ru/dostoevski/02comm/383.htm
40;Ф.М.Достоевский;M. M. Достоевский;30 июля 1854;Семипалатинск;русский;Институт русской литературы РАН;Собрание сочинений в 15 томах;15;40;98;http://rvb.ru/dostoevski/02comm/384.htm
41;Ф.М.Достоевский;Е. И. Якушкин;15 апреля 1855;Семипалатинск;русский;Институт русской литературы РАН;Собрание сочинений в 15 томах;15;41;100;http://rvb.ru/dostoevski/02comm/385.htm
42;Ф.М.Достоевский;М. Д. Исаева;4 июня 1855;Семипалатинск;русский;Институт русской литературы РАН;Собрание сочинений в 15 томах;15;42;101;http://rvb.ru/dostoevski/02comm/386.htm
43;Ф.М.Достоевский;А. Е. Врангель;14 августа 1855;Семипалатинск;русский;Институт русской литературы РАН;Собрание сочинений в 15 томах;15;43;105;http://rvb.ru/dostoevski/02comm/387.htm
44;Ф.М.Достоевский;П. Е. Анненкова;18 октября 1855;Семипалатинск;русский;Институт русской литературы РАН;Собрание сочинений в 15 томах;15;44;108;http://rvb.ru/dostoevski/02comm/388.htm
45;Ф.М.Достоевский;M. M. Достоевский;13—18 января 1856;Семипалатинск;русский;Институт русской литературы РАН;Собрание сочинений в 15 томах;15;45;686;http://rvb.ru/dostoevski/02comm/389.htm
46;Ф.М.Достоевский;A. H. Майков;18 января 1856;Семипалатинск;русский;Институт русской литературы РАН;Собрание сочинений в 15 томах;15;46;118;http://rvb.ru/dostoevski/02comm/390.htm
47;Ф.М.Достоевский;A. E. Врангель;23 марта 1856;Семипалатинск;русский;Институт русской литературы РАН;Собрание сочинений в 15 томах;15;47;123;http://rvb.ru/dostoevski/02comm/391.htm
48;Ф.М.Достоевский;M. M. Достоевский;24 марта 1856;Семипалатинск;русский;Институт русской литературы РАН;Собрание сочинений в 15 томах;15;48;132;http://rvb.ru/dostoevski/02comm/392.htm
49;Ф.М.Достоевский;Э. И. Тотлебен;24 марта 1856;Семипалатинск;русский;Институт русской литературы РАН;Собрание сочинений в 15 томах;15;49;137;http://rvb.ru/dostoevski/02comm/393.htm
50;Ф.М.Достоевский;А. Е. Врангель;13 апреля 1856;Семипалатинск;русский;Институт русской литературы РАН;Собрание сочинений в 15 томах;15;50;141;http://rvb.ru/dostoevski/02comm/394.htm
51;Ф.М.Достоевский;А. Е. Врангель;23 мая 1856;Семипалатинск;русский;Институт русской литературы РАН;Собрание сочинений в 15 томах;15;51;147;http://rvb.ru/dostoevski/02comm/395.htm
52;Ф.М.Достоевский;A. E. Врангель;14 июля 1856;Семипалатинск;русский;Институт русской литературы РАН;Собрание сочинений в 15 томах;15;52;150;http://rvb.ru/dostoevski/02comm/396.htm
53;Ф.М.Достоевский;M. M. Достоевский;9 ноября 1856;Семипалатинск;русский;Институт русской литературы РАН;Собрание сочинений в 15 томах;15;53;154;http://rvb.ru/dostoevski/02comm/397.htm
54;Ф.М.Достоевский;Ч. Ч. Валиханов;14 декабря 1856;Семипалатинск;русский;Институт русской литературы РАН;Собрание сочинений в 15 томах;15;54;157;http://rvb.ru/dostoevski/02comm/398.htm
55;Ф.М.Достоевский;А. Е. Врангель;21 декабря 1856;Семипалатинск;русский;Институт русской литературы РАН;Собрание сочинений в 15 томах;15;55;160;http://rvb.ru/dostoevski/02comm/399.htm
56;Ф.М.Достоевский;M. M. Достоевский;22 декабря 1856;Семипалатинск;русский;Институт русской литературы РАН;Собрание сочинений в 15 томах;15;56;165;http://rvb.ru/dostoevski/02comm/400.htm
57;Ф.М.Достоевский;M. M. Достоевский;9 марта 1857;Семипалатинск;русский;Институт русской литературы РАН;Собрание сочинений в 15 томах;15;57;170;http://rvb.ru/dostoevski/02comm/401.htm
58;Ф.М.Достоевский;Е. И. Якушкин;1 июня 1857;Семипалатинск;русский;Институт русской литературы РАН;Собрание сочинений в 15 томах;15;58;174;http://rvb.ru/dostoevski/02comm/402.htm
59;Ф.М.Достоевский;M. M. Достоевский;3 ноября 1857;Семипалатинск;русский;Институт русской литературы РАН;Собрание сочинений в 15 томах;15;59;176;http://rvb.ru/dostoevski/02comm/403.htm
60;Ф.М.Достоевский;M. H. Катков;11 января 1858;Семипалатинск;русский;Институт русской литературы РАН;Собрание сочинений в 15 томах;15;60;180;http://rvb.ru/dostoevski/02comm/404.htm
61;Ф.М.Достоевский;M. M. Достоевский;18 января 1858;Семипалатинск;русский;Институт русской литературы РАН;Собрание сочинений в 15 томах;15;61;185;http://rvb.ru/dostoevski/02comm/405.htm
62;Ф.М.Достоевский;АЛЕКСАНДРУ II ;Начало марта 1858;Семипалатинск;русский;Институт русской литературы РАН;Собрание сочинений в 15 томах;15;62;189;http://rvb.ru/dostoevski/02comm/406.htm
63;Ф.М.Достоевский;M. M. Достоевский;31 мая 1858;Семипалатинск;русский;Институт русской литературы РАН;Собрание сочинений в 15 томах;15;63;191;http://rvb.ru/dostoevski/02comm/407.htm
64;Ф.М.Достоевский;M. M. Достоевский;11 апреля 1859;Семипалатинск;русский;Институт русской литературы РАН;Собрание сочинений в 15 томах;15;64;194;http://rvb.ru/dostoevski/02comm/408.htm
65;Ф.М.Достоевский;M. M. Достоевский;9 мая 1859;Семипалатинск;русский;Институт русской литературы РАН;Собрание сочинений в 15 томах;15;65;195;http://rvb.ru/dostoevski/02comm/409.htm
66;Ф.М.Достоевский;M. M. Достоевский;19 сентября 1859;Тверь;русский;Институт русской литературы РАН;Собрание сочинений в 15 томах;15;66;199;http://rvb.ru/dostoevski/02comm/410.htm
67;Ф.М.Достоевский;M. M. Достоевский;1 октября 1859;Тверь;русский;Институт русской литературы РАН;Собрание сочинений в 15 томах;15;67;201;http://rvb.ru/dostoevski/02comm/411.htm
68;Ф.М.Достоевский;АЛЕКСАНДРУ II ;10—18 октября 1859;Тверь;русский;Институт русской литературы РАН;Собрание сочинений в 15 томах;15;68;204;http://rvb.ru/dostoevski/02comm/412.htm
69;Ф.М.Достоевский;M. M. Достоевский;20 октября 1859;Тверь;русский;Институт русской литературы РАН;Собрание сочинений в 15 томах;15;69;206;http://rvb.ru/dostoevski/02comm/413.htm
70;Ф.М.Достоевский;M. M. Достоевский;12 ноября 1859;Тверь;русский;Институт русской литературы РАН;Собрание сочинений в 15 томах;15;70;207;http://rvb.ru/dostoevski/02comm/414.htm
71;Ф.М.Достоевский;А. И. Шуберт;3 мая 1860;Петербург;русский;Институт русской литературы РАН;Собрание сочинений в 15 томах;15;71;209;http://rvb.ru/dostoevski/02comm/415.htm
72;Ф.М.Достоевский;Я. П. Полонский;31 июля 1861;Петербург;русский;Институт русской литературы РАН;Собрание сочинений в 15 томах;15;72;211;http://rvb.ru/dostoevski/02comm/416.htm
73;Ф.М.Достоевский;А. Н. Островский;24 августа 1861;Петербург;русский;Институт русской литературы РАН;Собрание сочинений в 15 томах;15;73;213;http://rvb.ru/dostoevski/02comm/417.htm
74;Ф.М.Достоевский;H. H. Страхов;26 июня (8 июля) 1862;Париж;русский;Институт русской литературы РАН;Собрание сочинений в 15 томах;15;74;215;http://rvb.ru/dostoevski/02comm/418.htm
75;Ф.М.Достоевский;Н. А. Некрасов;3 ноября 1862;Петербург;русский;Институт русской литературы РАН;Собрание сочинений в 15 томах;15;75;217;http://rvb.ru/dostoevski/02comm/419.htm
76;Ф.М.Достоевский;И. С. Тургенев;17—19 июня 1863;Петербург;русский;Институт русской литературы РАН;Собрание сочинений в 15 томах;15;76;218;http://rvb.ru/dostoevski/02comm/420.htm
77;Ф.М.Достоевский;M. M. Достоевский;8 (20) сентября 1863;Турин;русский;Институт русской литературы РАН;Собрание сочинений в 15 томах;15;77;222;http://rvb.ru/dostoevski/02comm/421.htm
78;Ф.М.Достоевский;H. H. Страхов;18 (30) сентября 1863;Рим;русский;Институт русской литературы РАН;Собрание сочинений в 15 томах;15;78;225;http://rvb.ru/dostoevski/02comm/422.htm
79;Ф.М.Достоевский;И. С. Тургенев;6 (18) октября 1863;Турин;русский;Институт русской литературы РАН;Собрание сочинений в 15 томах;15;79;229;http://rvb.ru/dostoevski/02comm/423.htm
80;Ф.М.Достоевский;M. M. Достоевский;19 ноября 1863;Москва;русский;Институт русской литературы РАН;Собрание сочинений в 15 томах;15;80;230;http://rvb.ru/dostoevski/02comm/424.htm
81;Ф.М.Достоевский;И. С. Тургенев;23 декабря 1863;Петербург;русский;Институт русской литературы РАН;Собрание сочинений в 15 томах;15;81;232;http://rvb.ru/dostoevski/02comm/425.htm
82;Ф.М.Достоевский;M. M. Достоевский;29 февраля 1864;Москва;русский;Институт русской литературы РАН;Собрание сочинений в 15 томах;15;82;234;http://rvb.ru/dostoevski/02comm/426.htm
83;Ф.М.Достоевский;M. M. Достоевский;20 марта 1864;Москва;русский;Институт русской литературы РАН;Собрание сочинений в 15 томах;15;83;236;http://rvb.ru/dostoevski/02comm/427.htm
84;Ф.М.Достоевский;M. M. Достоевский;26 марта 1864;Москва;русский;Институт русской литературы РАН;Собрание сочинений в 15 томах;15;84;238;http://rvb.ru/dostoevski/02comm/428.htm
85;Ф.М.Достоевский;M. M. Достоевский;5 апреля 1864;Москва;русский;Институт русской литературы РАН;Собрание сочинений в 15 томах;15;85;241;http://rvb.ru/dostoevski/02comm/429.htm
86;Ф.М.Достоевский;M. M. Достоевский;13—14 апреля 1864;Москва;русский;Институт русской литературы РАН;Собрание сочинений в 15 томах;15;86;243;http://rvb.ru/dostoevski/02comm/430.htm
87;Ф.М.Достоевский;А. М. Достоевский;29 июля 1864;Петербург;русский;Институт русской литературы РАН;Собрание сочинений в 15 томах;15;87;247;http://rvb.ru/dostoevski/02comm/431.htm
88;Ф.М.Достоевский;И. С. Тургенев;20 сентября 1864;Петербург;русский;Институт русской литературы РАН;Собрание сочинений в 15 томах;15;88;251;http://rvb.ru/dostoevski/02comm/432.htm
89;Ф.М.Достоевский;А. В. Корвин;14 декабря 1864;Петербург;русский;Институт русской литературы РАН;Собрание сочинений в 15 томах;15;89;252;http://rvb.ru/dostoevski/02comm/433.htm
90;Ф.М.Достоевский;И. С. Тургенев;13 февраля 1865;Петербург;русский;Институт русской литературы РАН;Собрание сочинений в 15 томах;15;90;254;http://rvb.ru/dostoevski/02comm/434.htm
91;Ф.М.Достоевский;А. Е. Врангель;31 марта — 14 апреля 1865;Петербург;русский;Институт русской литературы РАН;Собрание сочинений в 15 томах;15;91;255;http://rvb.ru/dostoevski/02comm/435.htm
92;Ф.М.Достоевский;Н. П. Суслова;19 апреля 1865;Петербург;русский;Институт русской литературы РАН;Собрание сочинений в 15 томах;15;92;262;http://rvb.ru/dostoevski/02comm/436.htm
93;Ф.М.Достоевский;А. А. Краевский;8 июня 1865;Петербург;русский;Институт русской литературы РАН;Собрание сочинений в 15 томах;15;93;264;http://rvb.ru/dostoevski/02comm/437.htm
94;Ф.М.Достоевский;И. С. Тургенев;3 (15) августа 1865;Висбаден;русский;Институт русской литературы РАН;Собрание сочинений в 15 томах;15;94;266;http://rvb.ru/dostoevski/02comm/438.htm
95;Ф.М.Достоевский;А. П. Суслова;10 (22) августа 1865;Висбаден;русский;Институт русской литературы РАН;Собрание сочинений в 15 томах;15;95;267;http://rvb.ru/dostoevski/02comm/439.htm
96;Ф.М.Достоевский;А. П. Суслова;12 (24) августа 1865;Висбаден;русский;Институт русской литературы РАН;Собрание сочинений в 15 томах;15;96;269;http://rvb.ru/dostoevski/02comm/440.htm
97;Ф.М.Достоевский;А. Е. Врангель;24 августа (5 сентября) 1865;Висбаден;русский;Институт русской литературы РАН;Собрание сочинений в 15 томах;15;97;271;http://rvb.ru/dostoevski/02comm/441.htm
98;Ф.М.Достоевский;M. H. Катков;10(22)—15(27) сентября 1865;Висбаден;русский;Институт русской литературы РАН;Собрание сочинений в 15 томах;15;98;273;http://rvb.ru/dostoevski/02comm/442.htm
99;Ф.М.Достоевский;А. Е. Врангель;8 ноября 1865;Петербург;русский;Институт русской литературы РАН;Собрание сочинений в 15 томах;15;99;276;http://rvb.ru/dostoevski/02comm/443.htm
100;Ф.М.Достоевский;А. Е. Врангель;18 февраля 1866;Петербург;русский;Институт русской литературы РАН;Собрание сочинений в 15 томах;15;100;278;http://rvb.ru/dostoevski/02comm/444.htm
101;Ф.М.Достоевский;M. H. Катков;25 апреля 1866;Петербург;русский;Институт русской литературы РАН;Собрание сочинений в 15 томах;15;101;281;http://rvb.ru/dostoevski/02comm/445.htm
102;Ф.М.Достоевский;А. В. Корвин;17 июня 1866;Москва;русский;Институт русской литературы РАН;Собрание сочинений в 15 томах;15;102;284;http://rvb.ru/dostoevski/02comm/446.htm
103;Ф.М.Достоевский;H. A. Любимов;8 июля 1866;Люблино;русский;Институт русской литературы РАН;Собрание сочинений в 15 томах;15;103;286;http://rvb.ru/dostoevski/02comm/447.htm
104;Ф.М.Достоевский;А. П. Милюков;10—15 июля 1866;Люблино;русский;Институт русской литературы РАН;Собрание сочинений в 15 томах;15;104;286;http://rvb.ru/dostoevski/02comm/448.htm
105;Ф.М.Достоевский;M. H. Катков;19 июля 1866;Люблино;русский;Институт русской литературы РАН;Собрание сочинений в 15 томах;15;105;289;http://rvb.ru/dostoevski/02comm/449.htm
106;Ф.М.Достоевский;H. A. Любимов;2 ноября 1866;Петербург;русский;Институт русской литературы РАН;Собрание сочинений в 15 томах;15;106;290;http://rvb.ru/dostoevski/02comm/450.htm
107;Ф.М.Достоевский;Н. А. Любимов;16 ноября 1866;Петербург;русский;Институт русской литературы РАН;Собрание сочинений в 15 томах;15;107;291;http://rvb.ru/dostoevski/02comm/451.htm
108;Ф.М.Достоевский;Н. А. Любимов;9 декабря 1866;Петербург;русский;Институт русской литературы РАН;Собрание сочинений в 15 томах;15;108;292;http://rvb.ru/dostoevski/02comm/452.htm
109;Ф.М.Достоевский;Н. А. Любимов;13 декабря 1866;Петербург;русский;Институт русской литературы РАН;Собрание сочинений в 15 томах;15;109;293;http://rvb.ru/dostoevski/02comm/453.htm
110;Ф.М.Достоевский;А. Г. Сниткина;2 января 1867;Москва;русский;Институт русской литературы РАН;Собрание сочинений в 15 томах;15;110;294;http://rvb.ru/dostoevski/02comm/454.htm
111;Ф.М.Достоевский;А. П. Милюков;13 февраля 1867;Петербург;русский;Институт русской литературы РАН;Собрание сочинений в 15 томах;15;111;296;http://rvb.ru/dostoevski/02comm/455.htm
112;Ф.М.Достоевский;А. П. Суслова;23 апреля (5 мая) 1867;Дрезден;русский;Институт русской литературы РАН;Собрание сочинений в 15 томах;15;112;297;http://rvb.ru/dostoevski/02comm/456.htm
113;Ф.М.Достоевский;А. Г. Достоевская;5(17   мая) 1867;Гомбург;русский;Институт русской литературы РАН;Собрание сочинений в 15 томах;15;113;299;http://rvb.ru/dostoevski/02comm/457.htm
114;Ф.М.Достоевский;А. Г. Достоевская;6 (18 мая) 1867;Гомбург;русский;Институт русской литературы РАН;Собрание сочинений в 15 томах;15;114;301;http://rvb.ru/dostoevski/02comm/458.htm
115;Ф.М.Достоевский;А. Г. Достоевская;9 (21) мая 1867;Гомбург;русский;Институт русской литературы РАН;Собрание сочинений в 15 томах;15;115;303;http://rvb.ru/dostoevski/02comm/459.htm
116;Ф.М.Достоевский;А. Г. Достоевская;10 (22) мая 1867;Гомбург;русский;Институт русской литературы РАН;Собрание сочинений в 15 томах;15;116;305;http://rvb.ru/dostoevski/02comm/460.htm
117;Ф.М.Достоевский;А. Г. Достоевская;13 (25) мая 1867;Гомбург;русский;Институт русской литературы РАН;Собрание сочинений в 15 томах;15;117;308;http://rvb.ru/dostoevski/02comm/461.htm
118;Ф.М.Достоевский;А. Н. Майков;16 (28) августа 1867;Женева;русский;Институт русской литературы РАН;Собрание сочинений в 15 томах;15;118;309;http://rvb.ru/dostoevski/02comm/462.htm
119;Ф.М.Достоевский;A. H. Майков;15 (27) сентября 1867;Женева;русский;Институт русской литературы РАН;Собрание сочинений в 15 томах;15;119;322;http://rvb.ru/dostoevski/02comm/463.htm
120;Ф.М.Достоевский;С. Д. Яновский;28 сентября (10  октября) 1867;Женева;русский;Институт русской литературы РАН;Собрание сочинений в 15 томах;15;120;324;http://rvb.ru/dostoevski/02comm/464.htm
121;Ф.М.Достоевский;С. А. Иванова;29 сентября (11  октября) 1867;Женева;русский;Институт русской литературы РАН;Собрание сочинений в 15 томах;15;121;328;http://rvb.ru/dostoevski/02comm/465.htm
122;Ф.М.Достоевский;С. Д. Яновскому;1(13)—2(14)  ноября 1867;Женева;русский;Институт русской литературы РАН;Собрание сочинений в 15 томах;15;122;331;http://rvb.ru/dostoevski/02comm/466.htm
123;Ф.М.Достоевский;А. Н. Майков;31 декабря 1867 (12  января 1868);Женева;русский;Институт русской литературы РАН;Собрание сочинений в 15 томах;15;123;334;http://rvb.ru/dostoevski/02comm/467.htm
124;Ф.М.Достоевский;С. А. Иванова;1 (13) января 1868;Женева;русский;Институт русской литературы РАН;Собрание сочинений в 15 томах;15;124;341;http://rvb.ru/dostoevski/02comm/468.htm
125;Ф.М.Достоевский;А. Н. Майков;18 февраля (1 марта) 1868;Женева;русский;Институт русской литературы РАН;Собрание сочинений в 15 томах;15;125;346;http://rvb.ru/dostoevski/02comm/469.htm
126;Ф.М.Достоевский;А. Н. Майков;21—22 марта (2—3 апреля) 1868;Женева;русский;Институт русской литературы РАН;Собрание сочинений в 15 томах;15;126;352;http://rvb.ru/dostoevski/02comm/470.htm
127;Ф.М.Достоевский;А. Г. Достоевская;23 марта (4 апреля) 1868;Саксон ле Бэн;русский;Институт русской литературы РАН;Собрание сочинений в 15 томах;15;127;359;http://rvb.ru/dostoevski/02comm/471.htm
128;Ф.М.Достоевский;С. А. Иванова;29 марта (10 апреля) 1868;Женева;русский;Институт русской литературы РАН;Собрание сочинений в 15 томах;15;128;365;http://rvb.ru/dostoevski/02comm/472.htm
129;Ф.М.Достоевский;А. Н. Майков;18 (30) мая 1868;Женева;русский;Институт русской литературы РАН;Собрание сочинений в 15 томах;15;129;370;http://rvb.ru/dostoevski/02comm/473.htm
130;Ф.М.Достоевский;А. Н. Майков;22 июня (4 июля) 1868;Веве;русский;Институт русской литературы РАН;Собрание сочинений в 15 томах;15;130;372;http://rvb.ru/dostoevski/02comm/474.htm
131;Ф.М.Достоевский;A. H. Майков;21 июля (2 августа) 1868;Веве;русский;Институт русской литературы РАН;Собрание сочинений в 15 томах;15;131;377;http://rvb.ru/dostoevski/02comm/475.htm
132;Ф.М.Достоевский;РЕДАКТОРУ ОДНОГО ИЗ ИНОСТРАННЫХ ЖУРНАЛОВ;Конец августа — начало сентября 1868;Веве;русский;Институт русской литературы РАН;Собрание сочинений в 15 томах;15;132;379;http://rvb.ru/dostoevski/02comm/476.htm
133;Ф.М.Достоевский;А. Н. Майков;26 октября (7 ноября) 1868;Милан;русский;Институт русской литературы РАН;Собрание сочинений в 15 томах;15;133;381;http://rvb.ru/dostoevski/02comm/477.htm
134;Ф.М.Достоевский;A. H. Майков;11 (23) декабря 1868;Флоренция;русский;Институт русской литературы РАН;Собрание сочинений в 15 томах;15;134;387;http://rvb.ru/dostoevski/02comm/478.htm
135;Ф.М.Достоевский;H. H. Страхов;12 (24) декабря 1868;Флоренция;русский;Институт русской литературы РАН;Собрание сочинений в 15 томах;15;135;394;http://rvb.ru/dostoevski/02comm/479.htm
136;Ф.М.Достоевский;С. А. Иванова;25 января (6 февраля) 1869;Флоренция;русский;Институт русской литературы РАН;Собрание сочинений в 15 томах;15;136;396;http://rvb.ru/dostoevski/02comm/480.htm
137;Ф.М.Достоевский;H. H. Страхов;26 февраля (10 марта) 1869;Флоренция;русский;Институт русской литературы РАН;Собрание сочинений в 15 томах;15;137;400;http://rvb.ru/dostoevski/02comm/481.htm
138;Ф.М.Достоевский;С. А. Иванова;8 (20) марта 1869;Флоренция;русский;Институт русской литературы РАН;Собрание сочинений в 15 томах;15;138;410;http://rvb.ru/dostoevski/02comm/482.htm
139;Ф.М.Достоевский;H. H. Страхов;18 (30) марта 1869;Флоренция;русский;Институт русской литературы РАН;Собрание сочинений в 15 томах;15;139;417;http://rvb.ru/dostoevski/02comm/483.htm
140;Ф.М.Достоевский;H. H. Страхов;6 (18) апреля 1869;Флоренция;русский;Институт русской литературы РАН;Собрание сочинений в 15 томах;15;140;421;http://rvb.ru/dostoevski/02comm/484.htm
141;Ф.М.Достоевский;А. Н. Майков;15 (27) мая 1869;Флоренция;русский;Институт русской литературы РАН;Собрание сочинений в 15 томах;15;141;425;http://rvb.ru/dostoevski/02comm/485.htm
142;Ф.М.Достоевский;А. Н. Майков;27 октября (8 ноября) 1869;Дрезден;русский;Институт русской литературы РАН;Собрание сочинений в 15 томах;15;142;434;http://rvb.ru/dostoevski/02comm/486.htm
143;Ф.М.Достоевский;А. Н. Майкову;12 (24) февраля 1870;Дрезден;русский;Институт русской литературы РАН;Собрание сочинений в 15 томах;15;143;440;http://rvb.ru/dostoevski/02comm/487.htm
144;Ф.М.Достоевский;H. H. Страхов;26 февраля ( 10 марта) 1870;Дрезден;русский;Институт русской литературы РАН;Собрание сочинений в 15 томах;15;144;446;http://rvb.ru/dostoevski/02comm/488.htm
145;Ф.М.Достоевский;H. H. Страхов;24 марта (5 апреля) 1870;Дрезден;русский;Институт русской литературы РАН;Собрание сочинений в 15 томах;15;145;450;http://rvb.ru/dostoevski/02comm/489.htm
146;Ф.М.Достоевский;А. Н. Майков;25 марта (6 апреля) 1870;Дрезден;русский;Институт русской литературы РАН;Собрание сочинений в 15 томах;15;146;453;http://rvb.ru/dostoevski/02comm/490.htm
147;Ф.М.Достоевский;H. H. Страхов;28 мая (9 июня) 1870;Дрезден;русский;Институт русской литературы РАН;Собрание сочинений в 15 томах;15;147;459;http://rvb.ru/dostoevski/02comm/491.htm
148;Ф.М.Достоевский;H. H. Страхов;11 (23) июня 1870;Дрезден;русский;Институт русской литературы РАН;Собрание сочинений в 15 томах;15;148;462;http://rvb.ru/dostoevski/02comm/492.htm
149;Ф.М.Достоевский;M. H. Катков;8 (20) октября 1870;Дрезден;русский;Институт русской литературы РАН;Собрание сочинений в 15 томах;15;149;463;http://rvb.ru/dostoevski/02comm/493.htm
150;Ф.М.Достоевский;A. H. Майков;9 (21) октября 1870;Дрезден;русский;Институт русской литературы РАН;Собрание сочинений в 15 томах;15;150;466;http://rvb.ru/dostoevski/02comm/494.htm
151;Ф.М.Достоевский;H. H. Страхов;9 (21)  октября 1870;Дрезден;русский;Институт русской литературы РАН;Собрание сочинений в 15 томах;15;151;469;http://rvb.ru/dostoevski/02comm/495.htm
152;Ф.М.Достоевский;H. H. Страхов;2 (14) декабря 1870;Дрезден;русский;Институт русской литературы РАН;Собрание сочинений в 15 томах;15;152;472;http://rvb.ru/dostoevski/02comm/496.htm
153;Ф.М.Достоевский;H. H. Страхов;10 (22) февраля 1871;Дрезден;русский;Институт русской литературы РАН;Собрание сочинений в 15 томах;15;153;475;http://rvb.ru/dostoevski/02comm/497.htm
154;Ф.М.Достоевский;А. Н. Майков;2 (14)  марта 1871;Дрезден;русский;Институт русской литературы РАН;Собрание сочинений в 15 томах;15;154;478;http://rvb.ru/dostoevski/02comm/498.htm
155;Ф.М.Достоевский;H. H. Страхов;18 (30) марта 1871;Дрезден;русский;Институт русской литературы РАН;Собрание сочинений в 15 томах;15;155;482;http://rvb.ru/dostoevski/02comm/499.htm
156;Ф.М.Достоевский;H. H. Страхов;23 апреля (5 мая) 1871;Дрезден;русский;Институт русской литературы РАН;Собрание сочинений в 15 томах;15;156;485;http://rvb.ru/dostoevski/02comm/500.htm
157;Ф.М.Достоевский;H. H. Страхов;18 (30) мая 1871;Дрезден;русский;Институт русской литературы РАН;Собрание сочинений в 15 томах;15;157;487;http://rvb.ru/dostoevski/02comm/501.htm
158;Ф.М.Достоевский;В. Д. Оболенская;20 января 1872;Петербург;русский;Институт русской литературы РАН;Собрание сочинений в 15 томах;15;158;491;http://rvb.ru/dostoevski/02comm/502.htm
159;Ф.М.Достоевский;H. A. Любимов;Конец марта — начало апреля 1872;Петербург;русский;Институт русской литературы РАН;Собрание сочинений в 15 томах;15;159;492;http://rvb.ru/dostoevski/02comm/503.htm
160;Ф.М.Достоевский;A. A. Романов;10 февраля 1873;Петербург;русский;Институт русской литературы РАН;Собрание сочинений в 15 томах;15;160;494;http://rvb.ru/dostoevski/02comm/504.htm
161;Ф.М.Достоевский;М. П. Погодин;21 февраля 1873;Петербург;русский;Институт русской литературы РАН;Собрание сочинений в 15 томах;15;161;495;http://rvb.ru/dostoevski/02comm/505.htm
162;Ф.М.Достоевский;M. П. Погодин;26 февраля 1873;Петербург;русский;Институт русской литературы РАН;Собрание сочинений в 15 томах;15;162;496;http://rvb.ru/dostoevski/02comm/506.htm
163;Ф.М.Достоевский;М. П. Федоров;19 сентября 1873;Петербург;русский;Институт русской литературы РАН;Собрание сочинений в 15 томах;15;163;499;http://rvb.ru/dostoevski/02comm/507.htm
164;Ф.М.Достоевский;В. П. Мещерский;3—4 ноября 1873;Петербург;русский;Институт русской литературы РАН;Собрание сочинений в 15 томах;15;164;500;http://rvb.ru/dostoevski/02comm/508.htm
165;Ф.М.Достоевский;А. Ф. Кони;Февраль 1874;Петербург;русский;Институт русской литературы РАН;Собрание сочинений в 15 томах;15;165;500;http://rvb.ru/dostoevski/02comm/509.htm
166;Ф.М.Достоевский;А. Г. Достоевская;12 (24) июня 1874;Эмс;русский;Институт русской литературы РАН;Собрание сочинений в 15 томах;15;166;501;http://rvb.ru/dostoevski/02comm/510.htm
167;Ф.М.Достоевский;Н. А. Некрасов;20 октября 1874;Старая Русса;русский;Институт русской литературы РАН;Собрание сочинений в 15 томах;15;167;506;http://rvb.ru/dostoevski/02comm/511.htm
168;Ф.М.Достоевский;А. Г. Достоевская;6 февраля 1875;Петербург;русский;Институт русской литературы РАН;Собрание сочинений в 15 томах;15;168;507;http://rvb.ru/dostoevski/02comm/512.htm
169;Ф.М.Достоевский;А. Г. Достоевская;9 февраля 1875;Петербург;русский;Институт русской литературы РАН;Собрание сочинений в 15 томах;15;169;508;http://rvb.ru/dostoevski/02comm/513.htm
170;Ф.М.Достоевский;А. Г. Достоевская;12 февраля 1875;Петербург;русский;Институт русской литературы РАН;Собрание сочинений в 15 томах;15;170;511;http://rvb.ru/dostoevski/02comm/514.htm
171;Ф.М.Достоевский;А. Г. Достоевская;24 мая 1875;Петербург;русский;Институт русской литературы РАН;Собрание сочинений в 15 томах;15;171;512;http://rvb.ru/dostoevski/02comm/515.htm
172;Ф.М.Достоевский;А. Г. Достоевская;10 (22) июня 1875;Эмс;русский;Институт русской литературы РАН;Собрание сочинений в 15 томах;15;172;513;http://rvb.ru/dostoevski/02comm/516.htm
173;Ф.М.Достоевский;А. Н. Плещеев;21 августа 1875;Старая Русса;русский;Институт русской литературы РАН;Собрание сочинений в 15 томах;15;173;516;http://rvb.ru/dostoevski/02comm/517.htm
174;Ф.М.Достоевский;Я. П. Полонский;4 февраля 1876;Петербург;русский;Институт русской литературы РАН;Собрание сочинений в 15 томах;15;174;517;http://rvb.ru/dostoevski/02comm/518.htm
175;Ф.М.Достоевский;X. Д. Алчевская;9 апреля 1876;Петербург;русский;Институт русской литературы РАН;Собрание сочинений в 15 томах;15;175;518;http://rvb.ru/dostoevski/02comm/519.htm
176;Ф.М.Достоевский;С. Е. Лурье;16 апреля 1876;Петербург;русский;Институт русской литературы РАН;Собрание сочинений в 15 томах;15;176;521;http://rvb.ru/dostoevski/02comm/520.htm
177;Ф.М.Достоевский;В. А. Алексеев;7 июня 1876;Петербург;русский;Институт русской литературы РАН;Собрание сочинений в 15 томах;15;177;521;http://rvb.ru/dostoevski/02comm/521.htm
178;Ф.М.Достоевский;А. Г. Достоевская;15 (27) июля 1876;Эмс;русский;Институт русской литературы РАН;Собрание сочинений в 15 томах;15;178;523;http://rvb.ru/dostoevski/02comm/522.htm
179;Ф.М.Достоевский;с. С. Соловьев;16 (28) июля 1876;Эмс;русский;Институт русской литературы РАН;Собрание сочинений в 15 томах;15;179;526;http://rvb.ru/dostoevski/02comm/523.htm
180;Ф.М.Достоевский;А. Г. Достоевская;21 июля (2 августа) 1876;Эмс;русский;Институт русской литературы РАН;Собрание сочинений в 15 томах;15;180;529;http://rvb.ru/dostoevski/02comm/524.htm
181;Ф.М.Достоевский;Л. В. Головина;23 июля (4 августа) 1876;Эмс;русский;Институт русской литературы РАН;Собрание сочинений в 15 томах;15;181;532;http://rvb.ru/dostoevski/02comm/525.htm
182;Ф.М.Достоевский;К. И. Маслянников;5 ноября 1876;Петербург;русский;Институт русской литературы РАН;Собрание сочинений в 15 томах;15;182;535;http://rvb.ru/dostoevski/02comm/526.htm
183;Ф.М.Достоевский;А. Ф. Герасимова;7 марта 1877;Петербург;русский;Институт русской литературы РАН;Собрание сочинений в 15 томах;15;183;537;http://rvb.ru/dostoevski/02comm/527.htm
184;Ф.М.Достоевский;С. Е. Лурье;11 марта 1877;Петербург;русский;Институт русской литературы РАН;Собрание сочинений в 15 томах;15;184;540;http://rvb.ru/dostoevski/02comm/528.htm
185;Ф.М.Достоевский;С. Е. Лурье;17 апреля 1877;Петербург;русский;Институт русской литературы РАН;Собрание сочинений в 15 томах;15;185;541;http://rvb.ru/dostoevski/02comm/529.htm
186;Ф.М.Достоевский;А. Г. Достоевской;6 июля 1877;Петербург;русский;Институт русской литературы РАН;Собрание сочинений в 15 томах;15;186;544;http://rvb.ru/dostoevski/02comm/530.htm
187;Ф.М.Достоевский;А. Г. Достоевская;15—16 июля 1877;Петербург;русский;Институт русской литературы РАН;Собрание сочинений в 15 томах;15;187;545;http://rvb.ru/dostoevski/02comm/531.htm
188;Ф.М.Достоевский;Д. В. Аверкиев;5 ноября 1877;Петербург;русский;Институт русской литературы РАН;Собрание сочинений в 15 томах;15;188;548;http://rvb.ru/dostoevski/02comm/532.htm
189;Ф.М.Достоевский;Д. В. Аверкиев;18 ноября 1877;Петербург;русский;Институт русской литературы РАН;Собрание сочинений в 15 томах;15;189;549;http://rvb.ru/dostoevski/02comm/533.htm
190;Ф.М.Достоевский;Н. Л. Озмидов;Февраль 1878;Петербург;русский;Институт русской литературы РАН;Собрание сочинений в 15 томах;15;190;550;http://rvb.ru/dostoevski/02comm/534.htm
191;Ф.М.Достоевский;В. В. Михайлов;16 марта 1878;Петербург;русский;Институт русской литературы РАН;Собрание сочинений в 15 томах;15;191;551;http://rvb.ru/dostoevski/02comm/535.htm
192;Ф.М.Достоевский;Н. П. Петерсон;24 марта 1878;Петербург;русский;Институт русской литературы РАН;Собрание сочинений в 15 томах;15;192;553;http://rvb.ru/dostoevski/02comm/536.htm
193;Ф.М.Достоевский;НЕУСТАНОВЛЕННОМУ ЛИЦУ;27 марта 1878;Петербург;русский;Институт русской литературы РАН;Собрание сочинений в 15 томах;15;193;555;http://rvb.ru/dostoevski/02comm/537.htm
194;Ф.М.Достоевский;Э. АБУ;2 (14) апреля 1878;Петербург;русский;Институт русской литературы РАН;Собрание сочинений в 15 томах;15;194;558;http://rvb.ru/dostoevski/02comm/538.htm
195;Ф.М.Достоевский;Ф. Ф. Радецкий;16 апреля 1878;Петербург;русский;Институт русской литературы РАН;Собрание сочинений в 15 томах;15;195;559;http://rvb.ru/dostoevski/02comm/539.htm
196;Ф.М.Достоевский;А. П. Философова;8 мая 1878;Петербург;русский;Институт русской литературы РАН;Собрание сочинений в 15 томах;15;196;560;http://rvb.ru/dostoevski/02comm/540.htm
197;Ф.М.Достоевский;H. M. Достоевский;16 мая 1878;Петербург;русский;Институт русской литературы РАН;Собрание сочинений в 15 томах;15;197;561;http://rvb.ru/dostoevski/02comm/541.htm
198;Ф.М.Достоевский;П. А. Исаев;16 мая 1878;Петербург;русский;Институт русской литературы РАН;Собрание сочинений в 15 томах;15;198;562;http://rvb.ru/dostoevski/02comm/542.htm
199;Ф.М.Достоевский;А. Г. Достоевская;20—21 июня 1878;Москва;русский;Институт русской литературы РАН;Собрание сочинений в 15 томах;15;199;562;http://rvb.ru/dostoevski/02comm/543.htm
200;Ф.М.Достоевский;А. Г. Достоевская;22 июня 1878;Москва;русский;Институт русской литературы РАН;Собрание сочинений в 15 томах;15;200;565;http://rvb.ru/dostoevski/02comm/544.htm
201;Ф.М.Достоевский;А. Г. Достоевская;29 июня 1878;Москва;русский;Институт русской литературы РАН;Собрание сочинений в 15 томах;15;201;566;http://rvb.ru/dostoevski/02comm/545.htm
202;Ф.М.Достоевский;С. А. Юрьев;11 июля 1878;Старая Русса;русский;Институт русской литературы РАН;Собрание сочинений в 15 томах;15;202;568;http://rvb.ru/dostoevski/02comm/546.htm
203;Ф.М.Достоевский;А. Г. Достоевская;9 ноября 1878;Москва;русский;Институт русской литературы РАН;Собрание сочинений в 15 томах;15;203;569;http://rvb.ru/dostoevski/02comm/547.htm
204;Ф.М.Достоевский;А. Г. Достоевская;10 ноября 1878;Москва;русский;Институт русской литературы РАН;Собрание сочинений в 15 томах;15;204;572;http://rvb.ru/dostoevski/02comm/548.htm
205;Ф.М.Достоевский;В. П. Гаевский;10 марта 1879;Петербург;русский;Институт русской литературы РАН;Собрание сочинений в 15 томах;15;205;573;http://rvb.ru/dostoevski/02comm/549.htm
206;Ф.М.Достоевский;В. Ф. Пуцыкович;12 марта 1879;Петербург;русский;Институт русской литературы РАН;Собрание сочинений в 15 томах;15;206;573;http://rvb.ru/dostoevski/02comm/550.htm
207;Ф.М.Достоевский;К. К. Романов;15 марта 1879;Петербург;русский;Институт русской литературы РАН;Собрание сочинений в 15 томах;15;207;574;http://rvb.ru/dostoevski/02comm/551.htm
208;Ф.М.Достоевский;H. A. Любимов;10 мая 1879;Старая Русса;русский;Институт русской литературы РАН;Собрание сочинений в 15 томах;15;208;575;http://rvb.ru/dostoevski/02comm/552.htm
209;Ф.М.Достоевский;К. П. Победоносцев;19 мая 1879;Старая Русса;русский;Институт русской литературы РАН;Собрание сочинений в 15 томах;15;209;577;http://rvb.ru/dostoevski/02comm/553.htm
210;Ф.М.Достоевский;Н. А. Любимов;25 мая 1879;Старая Русса;русский;Институт русской литературы РАН;Собрание сочинений в 15 томах;15;210;579;http://rvb.ru/dostoevski/02comm/554.htm
211;Ф.М.Достоевский;Н. А. Любимов;11 июня 1879;Старая Русса;русский;Институт русской литературы РАН;Собрание сочинений в 15 томах;15;211;581;http://rvb.ru/dostoevski/02comm/555.htm
212;Ф.М.Достоевский;E. А. Штакеншнейдер;15 июня 1879;Старая Русса;русский;Институт русской литературы РАН;Собрание сочинений в 15 томах;15;212;583;http://rvb.ru/dostoevski/02comm/556.htm
213;Ф.М.Достоевский;Ф. ТОМА;Начало июля 1879;Старая Русса;русский;Институт русской литературы РАН;Собрание сочинений в 15 томах;15;213;585;http://rvb.ru/dostoevski/02comm/557.htm
214;Ф.М.Достоевский;А. П. Философова;11 июля 1879;Старая Русса;русский;Институт русской литературы РАН;Собрание сочинений в 15 томах;15;214;586;http://rvb.ru/dostoevski/02comm/558.htm
215;Ф.М.Достоевский;Н. А. Любимов;7 (19) августа 1879;Эмс;русский;Институт русской литературы РАН;Собрание сочинений в 15 томах;15;215;588;http://rvb.ru/dostoevski/02comm/559.htm
216;Ф.М.Достоевский;А. Г. Достоевская;13 (25) августа 1879;Эмс;русский;Институт русской литературы РАН;Собрание сочинений в 15 томах;15;216;590;http://rvb.ru/dostoevski/02comm/560.htm
217;Ф.М.Достоевский;К. П. Победоносцев;24 августа (5 сентября) 1879;Эмс;русский;Институт русской литературы РАН;Собрание сочинений в 15 томах;15;217;593;http://rvb.ru/dostoevski/02comm/561.htm
218;Ф.М.Достоевский;Н. А. Любимов;16 ноября 1879;Петербург;русский;Институт русской литературы РАН;Собрание сочинений в 15 томах;15;218;595;http://rvb.ru/dostoevski/02comm/562.htm
219;Ф.М.Достоевский;В. В. Самойлов;17 декабря 1879;Петербург;русский;Институт русской литературы РАН;Собрание сочинений в 15 томах;15;219;598;http://rvb.ru/dostoevski/02comm/563.htm
220;Ф.М.Достоевский;А. Н. Курносова;15 января 1880;Петербург;русский;Институт русской литературы РАН;Собрание сочинений в 15 томах;15;220;598;http://rvb.ru/dostoevski/02comm/564.htm
221;Ф.М.Достоевский;Е. Ф. Юнге;11 апреля 1880;Петербург;русский;Институт русской литературы РАН;Собрание сочинений в 15 томах;15;221;599;http://rvb.ru/dostoevski/02comm/565.htm
222;Ф.М.Достоевский;А. С. Суворин;14 мая 1880;Старая Русса;русский;Институт русской литературы РАН;Собрание сочинений в 15 томах;15;222;601;http://rvb.ru/dostoevski/02comm/566.htm
223;Ф.М.Достоевский;А. Г. Достоевская;23—24 мая 1880;Москва;русский;Институт русской литературы РАН;Собрание сочинений в 15 томах;15;223;603;http://rvb.ru/dostoevski/02comm/567.htm
224;Ф.М.Достоевский;А. Г. Достоевская;25 мая 1880;Москва;русский;Институт русской литературы РАН;Собрание сочинений в 15 томах;15;224;604;http://rvb.ru/dostoevski/02comm/568.htm
225;Ф.М.Достоевский;А. Г. Достоевская;26 мая 1880;Москва;русский;Институт русской литературы РАН;Собрание сочинений в 15 томах;15;225;606;http://rvb.ru/dostoevski/02comm/569.htm
226;Ф.М.Достоевский;А. Г. Достоевская;27 мая 1880;Москва;русский;Институт русской литературы РАН;Собрание сочинений в 15 томах;15;226;610;http://rvb.ru/dostoevski/02comm/570.htm
227;Ф.М.Достоевский;А. Г. Достоевская;28 мая 1880;Москва;русский;Институт русской литературы РАН;Собрание сочинений в 15 томах;15;227;614;http://rvb.ru/dostoevski/02comm/571.htm
228;Ф.М.Достоевский;А. Г. Достоевская;29 мая 1880;Москва;русский;Институт русской литературы РАН;Собрание сочинений в 15 томах;15;228;616;http://rvb.ru/dostoevski/02comm/572.htm
229;Ф.М.Достоевский;А. Г. Достоевская;30—31 мая 1880;Москва;русский;Институт русской литературы РАН;Собрание сочинений в 15 томах;15;229;618;http://rvb.ru/dostoevski/02comm/573.htm
230;Ф.М.Достоевский;А. Г. Достоевская;1 июня 1880;Москва;русский;Институт русской литературы РАН;Собрание сочинений в 15 томах;15;230;621;http://rvb.ru/dostoevski/02comm/574.htm
231;Ф.М.Достоевский;А. Г. Достоевская;3 июня 1880;Москва;русский;Институт русской литературы РАН;Собрание сочинений в 15 томах;15;231;622;http://rvb.ru/dostoevski/02comm/575.htm
232;Ф.М.Достоевский;А. Г. Достоевская;4 июня 1880;Москва;русский;Институт русской литературы РАН;Собрание сочинений в 15 томах;15;232;625;http://rvb.ru/dostoevski/02comm/576.htm
233;Ф.М.Достоевский;А. Г. Достоевская;5 июня 1880;Москва;русский;Институт русской литературы РАН;Собрание сочинений в 15 томах;15;233;627;http://rvb.ru/dostoevski/02comm/577.htm
234;Ф.М.Достоевский;А. Г. Достоевская;7 июня 1880;Москва;русский;Институт русской литературы РАН;Собрание сочинений в 15 томах;15;234;630;http://rvb.ru/dostoevski/02comm/578.htm
235;Ф.М.Достоевский;А. Г. Достоевская;8 июня 1880;Москва;русский;Институт русской литературы РАН;Собрание сочинений в 15 томах;15;235;632;http://rvb.ru/dostoevski/02comm/579.htm
236;Ф.М.Достоевский;С. А. Толстой;13 июня 1880;Старая Русса;русский;Институт русской литературы РАН;Собрание сочинений в 15 томах;15;236;634;http://rvb.ru/dostoevski/02comm/580.htm
237;Ф.М.Достоевский;Е. А. Штакеншнейдер;17 июля 1880;Старая Русса;русский;Институт русской литературы РАН;Собрание сочинений в 15 томах;15;237;636;http://rvb.ru/dostoevski/02comm/581.htm
238;Ф.М.Достоевский;Н. А. Любимов;10 августа 1880;Старая Русса;русский;Институт русской литературы РАН;Собрание сочинений в 15 томах;15;238;638;http://rvb.ru/dostoevski/02comm/582.htm
239;Ф.М.Достоевский;А. Г. Достоевская;11 августа 1880;Старая Русса;русский;Институт русской литературы РАН;Собрание сочинений в 15 томах;15;239;640;http://rvb.ru/dostoevski/02comm/583.htm
240;Ф.М.Достоевский;М. А. Поливанова;16 августа 1880;Старая Русса;русский;Институт русской литературы РАН;Собрание сочинений в 15 томах;15;240;641;http://rvb.ru/dostoevski/02comm/584.htm
241;Ф.М.Достоевский;Н. Л. Озмидов;18 августа 1880;Старая Русса;русский;Институт русской литературы РАН;Собрание сочинений в 15 томах;15;241;643;http://rvb.ru/dostoevski/02comm/585.htm
242;Ф.М.Достоевский;И. С. Аксаков;28 августа 1880;Старая Русса;русский;Институт русской литературы РАН;Собрание сочинений в 15 томах;15;242;644;http://rvb.ru/dostoevski/02comm/586.htm
243;Ф.М.Достоевский;H. A. Любимов;8 сентября 1880;Старая Русса;русский;Институт русской литературы РАН;Собрание сочинений в 15 томах;15;243;646;http://rvb.ru/dostoevski/02comm/587.htm
244;Ф.М.Достоевский;Н. А. Любимов;8 ноября 1880;Петербург;русский;Институт русской литературы РАН;Собрание сочинений в 15 томах;15;244;647;http://rvb.ru/dostoevski/02comm/588.htm
245;Ф.М.Достоевский;А. А. Толстой;5 января 1881;Петербург;русский;Институт русской литературы РАН;Собрание сочинений в 15 томах;15;245;648;http://rvb.ru/dostoevski/02comm/589.htm
246;Ф.М.Достоевский;Н. А. Любимов;26 января 1881;Петербург;русский;Институт русской литературы РАН;Собрание сочинений в 15 томах;15;246;648;http://rvb.ru/dostoevski/02comm/590.htm
247;Ф.М.Достоевский;Е. Н. Гейден;28 января 1881;Петербург;русский;Институт русской литературы РАН;Собрание сочинений в 15 томах;15;247;649;http://rvb.ru/dostoevski/02comm/591.htm
