1;Ф.М.Достоевский;1;автор
2;M. Ф. Достоевская;1;адресат
3;Ф.М.Достоевский;2;автор
4;М. Ф. Достоевская;2;адресат
5;Алену Фроловну;2;упоминат
6;Андрей Достоевский;2;упоминат
7;Ф.М.Достоевский;3;автор
8;M. Ф. Достоевская;3;адресат
9;Андрей Достоевский;3;упоминат
10;Ф.М.Достоевский;4;автор
11;М. А. Достоевский;4;адресат
12;Коронад Филиппович;4;упоминат
13;Коронад Филиппович;4;упоминат
14;Коронад Филиппович;4;упоминат
15;Михаила Павловича;4;упоминат
16;Феодор Достоевские;4;упоминат
17;Ф.М.Достоевский;5;автор
18;M. A. Достоевский;5;адресат
19;Коронадом Филипповичем;5;упоминат
20;Коронаду Филипповичу;5;упоминат
21;Феодор Достоевские;5;упоминат
22;Ф.М.Достоевский;6;автор
23;М. А. Достоевский;6;адресат
24;Ф.М.Достоевский;7;автор
25;M. M. Достоевский;7;адресат
26;Виктор Гюго;7;упоминат
27;Ф.М.Достоевский;8;автор
28;M. M. Достоевский;8;адресат
29;Иваном Николаевичем;8;упоминат
30;Иваном Николаевичем;8;упоминат
31;Ивана Николаевича;8;упоминат
32;Ф.М.Достоевский;9;автор
33;М. А. Достоевский;9;адресат
34;Юлия Цезаря;9;упоминат
35;Ф.М.Достоевский;10;автор
36;M. M. Достоевский;10;адресат
37;Иваном Николаевичем;10;упоминат
38;Ф.М.Достоевский;11;автор
39;А. А. И;11;адресат
40;Ф.М.Достоевский;12;автор
41;M. M. Достоевский;12;адресат
42;Дон Карлоса;12;упоминат
43;Ахилл Расина;12;упоминат
44;Иван Никифорыч;12;упоминат
45;Карл Мор;12;упоминат
46;Дон Карлос;12;упоминат
47;Аякс Теламонид;12;упоминат
48;Дон Родрига;12;упоминат
49;Иваном Ивановичем Перерепенко;12;упоминат
50;Ф.М.Достоевский;13;автор
51;M. M. Достоевский;13;адресат
52;Ф.М.Достоевский;14;автор
53;M. M. Достоевский;14;адресат
54;Ф.М.Достоевский;15;автор
55;M. M. Достоевский;15;адресат
56;Ф.М.Достоевский;16;автор
57;M. M. Достоевский;16;адресат
58;Эмилии Федоровне;16;упоминат
59;Ф.М.Достоевский;17;автор
60;M. M. Достоевский;17;адресат
61;Ф.М.Достоевский;18;автор
62;П. А. Карепин;18;адресат
63;Петр Андреевич;18;упоминат
64;Петр Андреевич;18;упоминат
65;Петр Андреевич;18;упоминат
66;Петр Андреевич;18;упоминат
67;Ф.М.Достоевский;19;автор
68;M. M. Достоевский;19;адресат
69;Западной Европе;19;упоминат
70;Ф.М.Достоевский;20;автор
71;M. M. Достоевский;20;адресат
72;Эмилии Федоровне;20;упоминат
73;Ф.М.Достоевский;21;автор
74;M. M. Достоевский;21;адресат
75;Эмилией Федоровной;21;упоминат
76;Эмилию Федоровну;21;упоминат
77;Марии Ивановне;21;упоминат
78;Александру Адамовичу Бергманам;21;упоминат
79;Ф.М.Достоевский;22;автор
80;M. M. Достоевский;22;адресат
81;Петрович Голядкин;22;упоминат
82;Фаддей Булгарин;22;упоминат
83;Ф.М.Достоевский;23;автор
84;M. M. Достоевский;23;адресат
85;Эмилии Федоровне;23;упоминат
86;Ф.М.Достоевский;24;автор
87;M. M. Достоевский;24;адресат
88;Эмилии Федоровне;24;упоминат
89;Ф.М.Достоевский;25;автор
90;M. M. Достоевский;25;адресат
91;Гоголевым Поприщиным;25;упоминат
92;Эмилии Федоровны;25;упоминат
93;Ф.М.Достоевский;26;автор
94;M. M. Достоевский;26;адресат
95;Эмилией Федоровной;26;упоминат
96;Эмилии Федоровне;26;упоминат
97;Ф.М.Достоевский;27;автор
98;M. M. Достоевский;27;адресат
99;Эмилии Федоровне;27;упоминат
100;Ф.М.Достоевский;28;автор
101;M. M. Достоевский;28;адресат
102;Эмилии Федоровне;28;упоминат
103;Большой Мещанской;28;упоминат
104;Ф.М.Достоевский;29;автор
105;M. M. Достоевский;29;адресат
106;Эмилии Федоровне;29;упоминат
107;Ф.М.Достоевский;30;автор
108;M. M. Достоевский;30;адресат
109;Эмилия Федоровна;30;упоминат
110;Эмилии Федоровне;30;упоминат
111;Анна Ивановна;30;упоминат
112;Ф.М.Достоевский;31;автор
113;M. M. Достоевский;31;адресат
114;Эмилии Федоровне;31;упоминат
115;Ф.М.Достоевский;32;автор
116;Е. П. Майкова;32;адресат
117;Евгения Петровна;32;упоминат
118;Ф.М.Достоевский;33;автор
119;А. А. Краевский;33;адресат
120;Андрей Александрович;33;упоминат
121;Андрей Александрович;33;упоминат
122;Андрей Александрович;33;упоминат
123;Андрей Александрович;33;упоминат
124;Ф.М.Достоевский;34;автор
125;M. M. Достоевский;34;адресат
126;Ф.М.Достоевский;35;автор
127;M. M. Достоевский;35;адресат
128;Эмилии Федоровны;35;упоминат
129;Эмилии Федоровне;35;упоминат
130;Федор Достоевский;35;упоминат
131;Ф.М.Достоевский;36;автор
132;M. M. Достоевский;36;адресат
133;Эмилии Федоровне;36;упоминат
134;Ф.М.Достоевский;37;автор
135;M. M. Достоевский;37;адресат
136;Евгении Петровне;37;упоминат
137;Николаю Аполлоновичу;37;упоминат
138;Аполлону Майкову;37;упоминат
139;Федор Достоевский;37;упоминат
140;Валериана Майкова;37;упоминат
141;Евгении Петровны;37;упоминат
142;Эмилии Федоровне;37;упоминат
143;Ф.М.Достоевский;38;автор
144;M. M. Достоевский;38;адресат
145;Эмилией Федоровной;38;упоминат
146;Кузьма Прокофьевич Прокофьев;38;упоминат
147;Кузьма Прокофьич;38;упоминат
148;Эмилии Федоровне;38;упоминат
149;Михаила Петровича;38;упоминат
150;Михаила Петровича;38;упоминат
151;Константина Ивановича;38;упоминат
152;Константин Иванович;38;упоминат
153;Евгения Тур;38;упоминат
154;Михаила Петровича;38;упоминат
155;Ф.М.Достоевский;39;автор
156;Н. Д. Фонвизина;39;адресат
157;Наталия Дмитриевна;39;упоминат
158;Сергею Дурову;39;упоминат
159;Наталия Дмитриевна;39;упоминат
160;Наталия Дмитриевна;39;упоминат
161;Наталия Дмитриевна;39;упоминат
162;Наталия Дмитриевна;39;упоминат
163;Наталия Дмитриевна;39;упоминат
164;Ф.М.Достоевский;40;автор
165;M. M. Достоевский;40;адресат
166;Эмилии Федоровне;40;упоминат
167;Федор Достоевский;40;упоминат
168;Ф.М.Достоевский;41;автор
169;Е. И. Якушкин;41;адресат
170;Евгений Иванович;41;упоминат
171;Евгений Иванович;41;упоминат
172;Ф.М.Достоевский;42;автор
173;М. Д. Исаева;42;адресат
174;Марья Дмитриевна;42;упоминат
175;Александр Иванович;42;упоминат
176;Марья Дмитриевна;42;упоминат
177;Александра Егоровича;42;упоминат
178;Александр Егорыч;42;упоминат
179;Александр Иванович;42;упоминат
180;Петр Михайлович;42;упоминат
181;Марья Дмитриевна;42;упоминат
182;Марья Дмитриевна;42;упоминат
183;Александр Иванович;42;упоминат
184;Марья Дмитриевна;42;упоминат
185;Александру Ивановичу;42;упоминат
186;Александр Иванович;42;упоминат
187;Марья Дмитриевна;42;упоминат
188;Ф.М.Достоевский;43;автор
189;А. Е. Врангель;43;адресат
190;Александр Егорович;43;упоминат
191;Александр Иванович Исаев;43;упоминат
192;Марья Дмитриевна;43;упоминат
193;Александр Егорович;43;упоминат
194;Александр Егорович;43;упоминат
195;Александр Иванович;43;упоминат
196;Александр Егорович;43;упоминат
197;Марье Дмитриевне;43;упоминат
198;Ф.М.Достоевский;44;автор
199;П. Е. Анненкова;44;адресат
200;Прасковья Егоровна;44;упоминат
201;Алексей Иванович Бахирев;44;упоминат
202;Константине Ивановиче;44;упоминат
203;Ольге Ивановне;44;упоминат
204;Ольгу Ивановну;44;упоминат
205;Прасковья Егоровна;44;упоминат
206;Константина Ивановича;44;упоминат
207;Ф.М.Достоевский;45;автор
208;M. M. Достоевский;45;адресат
209;Александр Егорович;45;упоминат
210;Александра Егоровича;45;упоминат
211;Александра Егоровича;45;упоминат
212;Александр Егорович;45;упоминат
213;Марья Дмитриевна;45;упоминат
214;Александра Егоровича;45;упоминат
215;Марью Дмитриевну;45;упоминат
216;Александра Егоровича;45;упоминат
217;Александр Егорович;45;упоминат
218;Александра Егоровича;45;упоминат
219;Александру Егоровичу;45;упоминат
220;Александру Егоровичу;45;упоминат
221;Александре Егоровиче;45;упоминат
222;Александром Егоровичем;45;упоминат
223;Александра Егоровича;45;упоминат
224;Евгением Николаевичема Якушкиным;45;упоминат
225;Эмилии Федоровне;45;упоминат
226;Ф.М.Достоевский;46;автор
227;A. H. Майков;46;адресат
228;Аполлон Николаевич;46;упоминат
229;Анну Ивановну;46;упоминат
230;Евгения Петровна;46;упоминат
231;Валерианой Николаевичем;46;упоминат
232;Евгении Петровне;46;упоминат
233;Ф.М.Достоевский;47;автор
234;A. E. Врангель;47;адресат
235;Александр Егорович;47;упоминат
236;Эдуарду Ивановичу Тотлебену;47;упоминат
237;Эдуарду Ивановичу Тотлебену;47;упоминат
238;Федора Михайловича;47;упоминат
239;Катерина Осиповна;47;упоминат
240;Ф.М.Достоевский;48;автор
241;M. M. Достоевский;48;адресат
242;Александр Егорович Врангель;48;упоминат
243;Александру Егоровичу;48;упоминат
244;Марья Дмитриевна;48;упоминат
245;Федор Михайлович Достоевский;48;упоминат
246;Марии Дмитриевне Исаевой;48;упоминат
247;Эмилии Федоровне;48;упоминат
248;Марье Дмитриевне;48;упоминат
249;Ф.М.Достоевский;49;автор
250;Э. И. Тотлебен;49;адресат
251;Эдуард Иванович;49;упоминат
252;Александра Егоровича Врангеля;49;упоминат
253;Адольфом Ивановичем;49;упоминат
254;Эдуард Иванович;49;упоминат
255;Адольфу Ивановичу;49;упоминат
256;Ф.М.Достоевский;50;автор
257;А. Е. Врангель;50;адресат
258;Александр Егорович;50;упоминат
259;Марье Дмитриевне;50;упоминат
260;Мария Николаевна;50;упоминат
261;Пушкина Каткова;50;упоминат
262;Марье Дмитриевне;50;упоминат
263;Марья Дмитриевна;50;упоминат
264;Ф.М.Достоевский;51;автор
265;А. Е. Врангель;51;адресат
266;Александр Егорович;51;упоминат
267;Петр Михайлович;51;упоминат
268;Марье Дмитриевне;51;упоминат
269;Александр Егорович;51;упоминат
270;Петербурге Паша;51;упоминат
271;Ф.М.Достоевский;52;автор
272;A. E. Врангель;52;адресат
273;Александр Егорович;52;упоминат
274;Александр Егорович;52;упоминат
275;Александр Егорович;52;упоминат
276;Андрей Родионович;52;упоминат
277;Марье Дмитриевне;52;упоминат
278;Жиль Блазом;52;упоминат
279;Николай Борисович Вергунов;52;упоминат
280;Ф.М.Достоевский;53;автор
281;M. M. Достоевский;53;адресат
282;Александр Егорович;53;упоминат
283;Ольгу Ивановну;53;упоминат
284;Александра Егоровича;53;упоминат
285;Александру Егоровичу;53;упоминат
286;Эмилия Федоровна;53;упоминат
287;Ф.М.Достоевский;54;автор
288;Ч. Ч. Валиханов;54;адресат
289;Александр Николаевич;54;упоминат
290;Чекан Чингисович;54;упоминат
291;Ф.М.Достоевский;55;автор
292;А. Е. Врангель;55;адресат
293;Александр Егорович;55;упоминат
294;Федора Семеновича Мещерина;55;упоминат
295;Вергунове Мещерину;55;упоминат
296;Ф.М.Достоевский;56;автор
297;M. M. Достоевский;56;адресат
298;Марья Дмитриевна Исаева;56;упоминат
299;Марье Дмитриевне;56;упоминат
300;Эмилию Федоровну;56;упоминат
301;Эмилии Федоровне;56;упоминат
302;Ф.М.Достоевский;57;автор
303;M. M. Достоевский;57;адресат
304;Эмилии Федоровне;57;упоминат
305;Эмилии Федоровне;57;упоминат
306;Ф.М.Достоевский;58;автор
307;Е. И. Якушкин;58;адресат
308;Евгений Иванович;58;упоминат
309;Александр Павлович;58;упоминат
310;Евгений Иванович;58;упоминат
311;Евгений Иванович;58;упоминат
312;Ф.М.Достоевский;59;автор
313;M. M. Достоевский;59;адресат
314;Ф.М.Достоевский;60;автор
315;M. H. Катков;60;адресат
316;Западной Сибири;60;упоминат
317;Федору Михайловичу Достоевскому;60;упоминат
318;Ф.М.Достоевский;61;автор
319;M. M. Достоевский;61;адресат
320;Если Катков;61;упоминат
321;Эмилии Федоровне;61;упоминат
322;Эмилии Федоровны;61;упоминат
323;Ф.М.Достоевский;62;автор
324;АЛЕКСАНДРУ II ;62;адресат
325;Александр Николаевич;62;упоминат
326;Просит Сибирского;62;упоминат
327;Федор Михайловсын Достоевский;62;упоминат
328;Исаева Марье Дмитриевой;62;упоминат
329;Андрей Андреев;62;упоминат
330;Федор Михайлов;62;упоминат
331;Ф.М.Достоевский;63;автор
332;M. M. Достоевский;63;адресат
333;Бенвенуто Челлини;63;упоминат
334;Эмилии Федоровне;63;упоминат
335;Ф.М.Достоевский;64;автор
336;M. M. Достоевский;64;адресат
337;Ф.М.Достоевский;65;автор
338;M. M. Достоевский;65;адресат
339;Ф.М.Достоевский;66;автор
340;M. M. Достоевский;66;адресат
341;Эдуарда Ивановича;66;упоминат
342;Ф.М.Достоевский;67;автор
343;M. M. Достоевский;67;адресат
344;Ф.М.Достоевский;68;автор
345;АЛЕКСАНДРУ II ;68;адресат
346;Павла Исаева;68;упоминат
347;Александра Исаева;68;упоминат
348;Кузнецке Томской;68;упоминат
349;Павла Исаева;68;упоминат
350;Ф.М.Достоевский;69;автор
351;M. M. Достоевский;69;адресат
352;Ф.М.Достоевский;70;автор
353;M. M. Достоевский;70;адресат
354;Ф.М.Достоевский;71;автор
355;А. И. Шуберт;71;адресат
356;Александра Ивановна;71;упоминат
357;Степану Дмитриевичу;71;упоминат
358;Степана Дмитриевича;71;упоминат
359;Степан Дмитриевич;71;упоминат
360;Аполлону Майкову;71;упоминат
361;Аммоса Шишкина;71;упоминат
362;Михаиле Михайловичу;71;упоминат
363;Ф.М.Достоевский;72;автор
364;Я. П. Полонский;72;адресат
365;Яков Петрович;72;упоминат
366;Ф.М.Достоевский;73;автор
367;А. Н. Островский;73;адресат
368;Александр Николаевич;73;упоминат
369;Ф.М.Достоевский;74;автор
370;H. H. Страхов;74;адресат
371;Николай Николаич;74;упоминат
372;Михаила Михайловича;74;упоминат
373;Николай Николаевич;74;упоминат
374;Николай Николаевич;74;упоминат
375;Николай Николаевич;74;упоминат
376;Николай Николаевич;74;упоминат
377;Николай Николаевич;74;упоминат
378;Евгении Карловне;74;упоминат
379;Ф.М.Достоевский;75;автор
380;Н. А. Некрасов;75;адресат
381;Николай Алексеевич;75;упоминат
382;Ф.М.Достоевский;76;автор
383;И. С. Тургенев;76;адресат
384;Иван Сергеевич;76;упоминат
385;Иван Сергеевич;76;упоминат
386;Иван Сергеевич;76;упоминат
387;Валентину Федоровичу;76;упоминат
388;Иван Сергеевич;76;упоминат
389;Иван Сергеевич;76;упоминат
390;Иван Сергеевич;76;упоминат
391;Ф.М.Достоевский;77;автор
392;M. M. Достоевский;77;адресат
393;Аполлинарию Прокофьевну;77;упоминат
394;Аполлинарию Прокофьевну;77;упоминат
395;Что Аполлон Григорьев;77;упоминат
396;Марье Дмитриевне;77;упоминат
397;Варваре Дмитриевне;77;упоминат
398;Варвару Дмитриевну;77;упоминат
399;Марья Дмитриевна;77;упоминат
400;Ф.М.Достоевский;78;автор
401;H. H. Страхов;78;адресат
402;Николай Николаевич;78;упоминат
403;Николай Николаевич;78;упоминат
404;Аполлона Григорьева;78;упоминат
405;Николай Николаевич;78;упоминат
406;Марье Дмитриевне;78;упоминат
407;Николай Николаич;78;упоминат
408;Юлии Петровне;78;упоминат
409;Евгении Карловне;78;упоминат
410;Ф.М.Достоевский;79;автор
411;И. С. Тургенев;79;адресат
412;Иван Сергеевич;79;упоминат
413;Малой Мещанской;79;упоминат
414;Михаил Михайлович Достоевский;79;упоминат
415;Ф.М.Достоевский;80;автор
416;M. M. Достоевский;80;адресат
417;Александру Павловичу;80;упоминат
418;Алексей Куманин;80;упоминат
419;Ф.М.Достоевский;81;автор
420;И. С. Тургенев;81;адресат
421;Иван Сергеевич;81;упоминат
422;Иван Сергеевич;81;упоминат
423;Ф.М.Достоевский;82;автор
424;M. M. Достоевский;82;адресат
425;Эмилии Федоровне;82;упоминат
426;Эмилии Федоровне;82;упоминат
427;Ф.М.Достоевский;83;автор
428;M. M. Достоевский;83;адресат
429;Варвара Дмитриевна;83;упоминат
430;Марьей Дмитриевной;83;упоминат
431;Александр Тверской;83;упоминат
432;Ф.М.Достоевский;84;автор
433;M. M. Достоевский;84;адресат
434;Александр Павлович;84;упоминат
435;Марья Дмитриевна;84;упоминат
436;Марья Дмитриевна;84;упоминат
437;Ф.М.Достоевский;85;автор
438;M. M. Достоевский;85;адресат
439;Ф.М.Достоевский;86;автор
440;M. M. Достоевский;86;адресат
441;Николай Николаевич;86;упоминат
442;Николай Николаевич;86;упоминат
443;Николаю Николаевичу;86;упоминат
444;Николаю Николаевичу;86;упоминат
445;Николая Николаевича;86;упоминат
446;Николаю Николаевичу;86;упоминат
447;Николая Николаевича;86;упоминат
448;Николая Николаевича;86;упоминат
449;Николая Николаевича;86;упоминат
450;Николаю Николаевичу;86;упоминат
451;Николай Николаич;86;упоминат
452;Николай Николаевич;86;упоминат
453;Николаю Николаевичу;86;упоминат
454;Марье Дмитриевне;86;упоминат
455;Александру Павловичу;86;упоминат
456;Марье Дмитриевне;86;упоминат
457;Ф.М.Достоевский;87;автор
458;А. М. Достоевский;87;адресат
459;Андрей Михайлович;87;упоминат
460;Эмилия Федоровна;87;упоминат
461;Александра Павловича;87;упоминат
462;Эмилия Федоровна;87;упоминат
463;Эмилию Федоровну;87;упоминат
464;Ф.М.Достоевский;88;автор
465;И. С. Тургенев;88;адресат
466;Иван Сергеевич;88;упоминат
467;Егор Петрович;88;упоминат
468;Иван Сергеевич;88;упоминат
469;Ф.М.Достоевский;89;автор
470;А. В. Корвин;89;адресат
471;Анна Сергеевна;89;упоминат
472;Анна Сергеевна;89;упоминат
473;Ф.М.Достоевский;90;автор
474;И. С. Тургенев;90;адресат
475;Иван Сергеевич;90;упоминат
476;Иван Сергеевич;90;упоминат
477;Ф.М.Достоевский;91;автор
478;А. Е. Врангель;91;адресат
479;Александр Егорович;91;упоминат
480;Александр Егорович;91;упоминат
481;Александр Егорович;91;упоминат
482;Александр Егорович;91;упоминат
483;Ф.М.Достоевский;92;автор
484;Н. П. Суслова;92;адресат
485;Ф.М.Достоевский;93;автор
486;А. А. Краевский;93;адресат
487;Андрей Александрович;93;упоминат
488;Ф.М.Достоевский;94;автор
489;И. С. Тургенев;94;адресат
490;Иван Сергеевич;94;упоминат
491;Ф.М.Достоевский;95;автор
492;А. П. Суслова;95;адресат
493;Ф.М.Достоевский;96;автор
494;А. П. Суслова;96;адресат
495;Ф.М.Достоевский;97;автор
496;А. Е. Врангель;97;адресат
497;Александр Егорович;97;упоминат
498;Федор Достоевский;97;упоминат
499;Ф.М.Достоевский;98;автор
500;M. H. Катков;98;адресат
501;Михаил Никифорович;98;упоминат
502;Михаил Никифорович;98;упоминат
503;Михаил Никифорович;98;упоминат
504;Ф.М.Достоевский;99;автор
505;А. Е. Врангель;99;адресат
506;Александр Егорович;99;упоминат
507;Ф.М.Достоевский;100;автор
508;А. Е. Врангель;100;адресат
509;Александр Егорович;100;упоминат
510;Львом Толстым;100;упоминат
511;Ф.М.Достоевский;101;автор
512;M. H. Катков;101;адресат
513;Михаил Никифорович;101;упоминат
514;Михаил Никифорович;101;упоминат
515;Ф.М.Достоевский;102;автор
516;А. В. Корвин;102;адресат
517;Александру Павловичу Иванову;102;упоминат
518;Старой Басманной;102;упоминат
519;Никиты Мученика;102;упоминат
520;Федору Михайловичу Достоевскому;102;упоминат
521;Ф.М.Достоевский;103;автор
522;H. A. Любимов;103;адресат
523;Николай Алексеевич;103;упоминат
524;Николай Алексеевич;103;упоминат
525;Ф.М.Достоевский;104;автор
526;А. П. Милюков;104;адресат
527;Александр Петрович;104;упоминат
528;Иоанна Калиты;104;упоминат
529;Людмиле Александровне;104;упоминат
530;Федор Достоевский;104;упоминат
531;Ф.М.Достоевский;105;автор
532;M. H. Катков;105;адресат
533;Михаил Никифорович;105;упоминат
534;Федор Достоевский;105;упоминат
535;Ф.М.Достоевский;106;автор
536;H. A. Любимов;106;адресат
537;Николай Алексеевич;106;упоминат
538;Михаилу Никифоровичу;106;упоминат
539;Николай Алексеевич;106;упоминат
540;Николай Алексеевич;106;упоминат
541;Михаилу Никифоровичу;106;упоминат
542;Михаилу Никифоровичу;106;упоминат
543;Александр Федорович Базунов;106;упоминат
544;Ф.М.Достоевский;107;автор
545;Н. А. Любимов;107;адресат
546;Николай Алексеевич;107;упоминат
547;Федор Достоевский;107;упоминат
548;Ф.М.Достоевский;108;автор
549;Н. А. Любимов;108;адресат
550;Николай Алексеевич;108;упоминат
551;Федор Достоевский;108;упоминат
552;Ф.М.Достоевский;109;автор
553;Н. А. Любимов;109;адресат
554;Николай Алексеевич;109;упоминат
555;Ф.М.Достоевский;110;автор
556;А. Г. Сниткина;110;адресат
557;Елена Павловна;110;упоминат
558;Марья Сергеевна;110;упоминат
559;Александр Павлович;110;упоминат
560;Федора Михайловича;110;упоминат
561;Анны Григорьевны;110;упоминат
562;Федору Михайловичу;110;упоминат
563;Елена Павловна;110;упоминат
564;Александру Павловичу;110;упоминат
565;Елены Павловны;110;упоминат
566;Ф.М.Достоевский;111;автор
567;А. П. Милюков;111;адресат
568;Александр Петрович;111;упоминат
569;Троицком Измайловском;111;упоминат
570;Людмила Александровна;111;упоминат
571;Ольга Александровна;111;упоминат
572;Бедный Биба;111;упоминат
573;Ф.М.Достоевский;112;автор
574;А. П. Суслова;112;адресат
575;Анна Григорьевна Сниткина;112;упоминат
576;Ф.М.Достоевский;113;автор
577;А. Г. Достоевская;113;адресат
578;Ф.М.Достоевский;114;автор
579;А. Г. Достоевская;114;адресат
580;Ф.М.Достоевский;115;автор
581;А. Г. Достоевская;115;адресат
582;Ф.М.Достоевский;116;автор
583;А. Г. Достоевская;116;адресат
584;Ф.М.Достоевский;117;автор
585;А. Г. Достоевская;117;адресат
586;Ф.М.Достоевский;118;автор
587;А. Н. Майков;118;адресат
588;Аполлон Николаевич;118;упоминат
589;Анна Григорьевна;118;упоминат
590;Анна Григорьевна;118;упоминат
591;Анна Григорьевна;118;упоминат
592;Анны Григорьевны;118;упоминат
593;Анне Ивановне;118;упоминат
594;Анну Григорьевну;118;упоминат
595;Эмилией Федоровной;118;упоминат
596;Анне Григорьевне;118;упоминат
597;Аполлон Николаевич;118;упоминат
598;Анны Григорьевны;118;упоминат
599;Анны Григорьевны;118;упоминат
600;Анны Николаевны;118;упоминат
601;Иван Александрович;118;упоминат
602;Аполлон Николаевич;118;упоминат
603;Эмилию Федоровну;118;упоминат
604;Эмилия Федоровна;118;упоминат
605;Анна Григорьевна;118;упоминат
606;Эмилией Федоровной;118;упоминат
607;Анны Григорьевны;118;упоминат
608;Анны Григорьевны;118;упоминат
609;Аполлон Николаевич;118;упоминат
610;Эмилии Федоровне;118;упоминат
611;Анну Николаевну Сниткину;118;упоминат
612;Анны Григорьевны;118;упоминат
613;Анне Ивановне;118;упоминат
614;Анны Григорьевны;118;упоминат
615;Федор Достоевский;118;упоминат
616;Ф.М.Достоевский;119;автор
617;A. H. Майков;119;адресат
618;Аполлон Николаевич;119;упоминат
619;Константину Ивановичу Бабикову;119;упоминат
620;Эмилии Федоровне;119;упоминат
621;Анне Ивановне;119;упоминат
622;Анне Ивановне;119;упоминат
623;Федор Достоевский;119;упоминат
624;Ивановичу Бабикову;119;упоминат
625;Анну Николавну;119;упоминат
626;Ф.М.Достоевский;120;автор
627;С. Д. Яновский;120;адресат
628;Степан Дмитриевич;120;упоминат
629;Александру Павловичу Иванову;120;упоминат
630;Степан Дмитриевич;120;упоминат
631;Степан Дмитриевич;120;упоминат
632;Анны Григорьевны;120;упоминат
633;Александру Павловичу;120;упоминат
634;Ф.М.Достоевский;121;автор
635;С. А. Иванова;121;адресат
636;Анну Григорьевну;121;упоминат
637;Анны Григорьевны;121;упоминат
638;Анна Григорьевна;121;упоминат
639;Анна Григорьевна;121;упоминат
640;Софье Александровне Ивановой;121;упоминат
641;Анна Григорьевна;121;упоминат
642;Елене Павловне;121;упоминат
643;Ф.М.Достоевский;122;автор
644;С. Д. Яновскому;122;адресат
645;Степан Дмитриевич;122;упоминат
646;Анне Григорьевне;122;упоминат
647;Северной Италии;122;упоминат
648;Анне Григорьевне;122;упоминат
649;Анна Григорьевна;122;упоминат
650;Степан Дмитриевич;122;упоминат
651;Ф.М.Достоевский;123;автор
652;А. Н. Майков;123;адресат
653;Аполлон Николаевич;123;упоминат
654;Эмилии Федоровне;123;упоминат
655;Анна Григорьевна;123;упоминат
656;Анной Григорьевной;123;упоминат
657;Анна Григорьевна;123;упоминат
658;Эмилии Федоровны;123;упоминат
659;Эмилии Федоровне;123;упоминат
660;Эмилии Федоровны;123;упоминат
661;Анне Ивановне;123;упоминат
662;Анну Ивановну;123;упоминат
663;Николай Николаевич Страхов;123;упоминат
664;Анне Ивановне;123;упоминат
665;Ф.М.Достоевский;124;автор
666;С. А. Иванова;124;адресат
667;Марья Дмитриевна;124;упоминат
668;Александру Павловичу;124;упоминат
669;Евангелие Иоанна;124;упоминат
670;Дон Кихот;124;упоминат
671;Дон Кихот;124;упоминат
672;Софье Александровне Ивановой;124;упоминат
673;Анны Григорьевны;124;упоминат
674;Анной Григорьевной;124;упоминат
675;Аполлинарии Сусловой;124;упоминат
676;Александру Александровичу;124;упоминат
677;Ф.М.Достоевский;125;автор
678;А. Н. Майков;125;адресат
679;Анной Григорьевной;125;упоминат
680;Анна Григорьевна;125;упоминат
681;Анну Григорьевну;125;упоминат
682;Эмилией Федоровной;125;упоминат
683;Марья Дмитриевна;125;упоминат
684;Эмилии Федоровне;125;упоминат
685;Анне Ивановне;125;упоминат
686;Евгении Петровне;125;упоминат
687;Ф.М.Достоевский;126;автор
688;А. Н. Майков;126;адресат
689;Аполлон Николаевич;126;упоминат
690;Анна Николавна;126;упоминат
691;Анны Григорьевны;126;упоминат
692;Анну Ивановну;126;упоминат
693;Анне Николавне;126;упоминат
694;Анны Григорьевны;126;упоминат
695;Марья Дмитриевна;126;упоминат
696;Эмилии Федоровны;126;упоминат
697;Анна Григорьевна;126;упоминат
698;Анне Ивановне;126;упоминат
699;Настасьи Филипповны;126;упоминат
700;Ф.М.Достоевский;127;автор
701;А. Г. Достоевская;127;адресат
702;Михаил Никифорович;127;упоминат
703;Михаил Никифорович;127;упоминат
704;Михаил Никифорович;127;упоминат
705;Ф.М.Достоевский;128;автор
706;С. А. Иванова;128;адресат
707;Анна Григорьевна;128;упоминат
708;Анне Григорьевне;128;упоминат
709;Анна Григорьевна;128;упоминат
710;Анной Григорьевной;128;упоминат
711;Анной Григорьевной;128;упоминат
712;Анна Григорьевна;128;упоминат
713;Анной Григорьевной;128;упоминат
714;Анна Григорьевна;128;упоминат
715;Ф.М.Достоевский;129;автор
716;А. Н. Майков;129;адресат
717;Аполлон Николаевич;129;упоминат
718;Аполлон Майков;129;упоминат
719;Аполлон Николаевич;129;упоминат
720;Эмилии Федоровне;129;упоминат
721;Аполлон Николаевич;129;упоминат
722;Федор Достоевский;129;упоминат
723;Ф.М.Достоевский;130;автор
724;А. Н. Майков;130;адресат
725;Аполлон Николаевич;130;упоминат
726;Аполлон Николаевич;130;упоминат
727;Анны Григорьевны;130;упоминат
728;Анна Николавна;130;упоминат
729;Эмилии Федоровны;130;упоминат
730;Анне Ивановне;130;упоминат
731;Анне Ивановне;130;упоминат
732;Ф.М.Достоевский;131;автор
733;A. H. Майков;131;адресат
734;Аполлон Николаевич;131;упоминат
735;Анне Ивановне;131;упоминат
736;Ф.М.Достоевский;132;автор
737;РЕДАКТОРУ ОДНОГО ИЗ ИНОСТРАННЫХ ЖУРНАЛОВ;132;адресат
738;Ф.М.Достоевский;133;автор
739;А. Н. Майков;133;адресат
740;Аполлон Николаевич;133;упоминат
741;Поля Гримма;133;упоминат
742;Анны Григорьевны;133;упоминат
743;Анны Григорьевны;133;упоминат
744;Николай Николаевич;133;упоминат
745;Катков Николаю Николаевичу;133;упоминат
746;Николаю Николаевичу;133;упоминат
747;После Славянского;133;упоминат
748;Николай Николаевич;133;упоминат
749;Николая Николаевича;133;упоминат
750;Николай Николаевич;133;упоминат
751;Анну Григорьевну;133;упоминат
752;Ф.М.Достоевский;134;автор
753;A. H. Майков;134;адресат
754;Аполлон Николаевич;134;упоминат
755;Николаю Николаевичу;134;упоминат
756;Николай Николаевич;134;упоминат
757;Аполлона Григорьева;134;упоминат
758;Павле Прусском;134;упоминат
759;Любим Торцов;134;упоминат
760;Эмилии Федоровне;134;упоминат
761;Эмилия Федоровна;134;упоминат
762;Николай Иванович;134;упоминат
763;Эмилия Федоровна;134;упоминат
764;Эмилию Федоровну;134;упоминат
765;Эмилии Федоровны;134;упоминат
766;Анне Ивановне;134;упоминат
767;Ф.М.Достоевский;135;автор
768;H. H. Страхов;135;адресат
769;Николай Николаевич;135;упоминат
770;Николай Николаич;135;упоминат
771;Льва Толстого;135;упоминат
772;Николай Николаевич;135;упоминат
773;Аполлона Николаевича;135;упоминат
774;Николай Николаевич;135;упоминат
775;Аполлон Николаевич;135;упоминат
776;Аполлоне Григорьеве;135;упоминат
777;Федор Достоевский;135;упоминат
778;Ф.М.Достоевский;136;автор
779;С. А. Иванова;136;адресат
780;Александра Павловича;136;упоминат
781;Бедный Федя;136;упоминат
782;Марье Сергеевне;136;упоминат
783;Ф.М.Достоевский;137;автор
784;H. H. Страхов;137;адресат
785;Николай Николаевич;137;упоминат
786;Николай Николаевич;137;упоминат
787;Николай Николаевич;137;упоминат
788;Льву Толстому;137;упоминат
789;Льва Толстого;137;упоминат
790;Льва Толстого;137;упоминат
791;Николай Николаевич;137;упоминат
792;Статья Данилевского;137;упоминат
793;Николай Николаевич;137;упоминат
794;Николай Николаевич;137;упоминат
795;Николай Николаевич;137;упоминат
796;Эмилии Федоровне;137;упоминат
797;Николай Николаевич;137;упоминат
798;Аполлону Николаевичу Майкову;137;упоминат
799;Марье Григорьевне Сватковской;137;упоминат
800;Марья Григорьевна Сватковская;137;упоминат
801;Аполлону Николаевичу;137;упоминат
802;Аполлона Николаевича;137;упоминат
803;Эмилия Федоровна;137;упоминат
804;Анна Григорьевна;137;упоминат
805;Аполлону Николаевичу;137;упоминат
806;Николай Николаевич;137;упоминат
807;Ф.М.Достоевский;138;автор
808;С. А. Иванова;138;адресат
809;Эмилии Федоровне;138;упоминат
810;Анны Григорьевны;138;упоминат
811;Александра Павловича;138;упоминат
812;Александра Павловича;138;упоминат
813;Эмилию Федоровну;138;упоминат
814;Анне Григорьевне;138;упоминат
815;Александр Павлович;138;упоминат
816;Александр Павлович;138;упоминат
817;Александра Павловича;138;упоминат
818;Елене Павловне;138;упоминат
819;Федор Достоевский;138;упоминат
820;Ф.М.Достоевский;139;автор
821;H. H. Страхов;139;адресат
822;Николай Николаевич;139;упоминат
823;Аполлоне Николаевиче;139;упоминат
824;Николай Николаевич;139;упоминат
825;Николай Николаевич;139;упоминат
826;Николай Николаевич;139;упоминат
827;Аполлона Григорьева;139;упоминат
828;Николай Николаевич;139;упоминат
829;Николай Николаевич;139;упоминат
830;Марье Григорьевне Сватковской;139;упоминат
831;Николай Николаевич;139;упоминат
832;Николай Николаевич;139;упоминат
833;Марьи Григорьевны Сватковской;139;упоминат
834;Первого Военно;139;упоминат
835;Николай Николаевич;139;упоминат
836;Ф.М.Достоевский;140;автор
837;H. H. Страхов;140;адресат
838;Николай Николаевич;140;упоминат
839;Анны Григорьевны;140;упоминат
840;Анны Григорьевны;140;упоминат
841;Николай Николаевич;140;упоминат
842;Николай Николаевич;140;упоминат
843;Марью Григорьевну Сватковскую;140;упоминат
844;Николай Николаевич;140;упоминат
845;Николай Николаевич;140;упоминат
846;Ф.М.Достоевский;141;автор
847;А. Н. Майков;141;адресат
848;Святая София;141;упоминат
849;Аполлону Бельведерскому;141;упоминат
850;Аполлон Николаевич;141;упоминат
851;Анной Григорьевной;141;упоминат
852;Анны Григорьевны;141;упоминат
853;Милейший Николай Николаевич;141;упоминат
854;Марье Григорьевне Сватковской;141;упоминат
855;Эмилии Федоровне;141;упоминат
856;Эмилии Федоровне;141;упоминат
857;Марье Григорьевне Сватковской;141;упоминат
858;Марью Григорьевну Базунова;141;упоминат
859;Марьи Григорьевны;141;упоминат
860;Эмилией Федоровной;141;упоминат
861;Аполлон Николаевич;141;упоминат
862;Базуновым Александром Федоровичем;141;упоминат
863;Аполлон Николаевич;141;упоминат
864;Марье Григорьевне;141;упоминат
865;Марью Григорьевну;141;упоминат
866;Анна Григорьевна;141;упоминат
867;Фроле Скобееве;141;упоминат
868;Федор Достоевский;141;упоминат
869;Ф.М.Достоевский;142;автор
870;А. Н. Майков;142;адресат
871;Анны Григорьевны;142;упоминат
872;Эмилии Федоровне;142;упоминат
873;Эмилии Федоровне;142;упоминат
874;Базунова Паше;142;упоминат
875;Эмилии Федоровне;142;упоминат
876;Ф.М.Достоевский;143;автор
877;А. Н. Майкову;143;адресат
878;Аполлон Николаевич;143;упоминат
879;Аполлон Николаевич;143;упоминат
880;Александры Михайловны;143;упоминат
881;Александры Михайловны;143;упоминат
882;Павла Александровича;143;упоминат
883;Павлу Александровичу;143;упоминат
884;Федора Достоевского;143;упоминат
885;Федор Достоевский;143;упоминат
886;Ф.М.Достоевский;144;автор
887;H. H. Страхов;144;адресат
888;Николай Николаевич;144;упоминат
889;Николай Николаевич;144;упоминат
890;Николай Николаевич;144;упоминат
891;Николай Николаевич;144;упоминат
892;Николай Николаевич;144;упоминат
893;Федор Достоевский;144;упоминат
894;Ф.М.Достоевский;145;автор
895;H. H. Страхов;145;адресат
896;Николай Николаевич;145;упоминат
897;Николай Николаевич;145;упоминат
898;Николай Николаевич;145;упоминат
899;Петра Великого;145;упоминат
900;Николай Николаевич;145;упоминат
901;Ф.М.Достоевский;146;автор
902;А. Н. Майков;146;адресат
903;Аполлон Николаевич;146;упоминат
904;Аполлон Николаевич;146;упоминат
905;Николай Николаевич;146;упоминат
906;Аполлон Николаевич;146;упоминат
907;Тихона Задонского;146;упоминат
908;Павел Прусский;146;упоминат
909;Аполлон Николаевич;146;упоминат
910;Анны Ивановны;146;упоминат
911;Анна Николавна;146;упоминат
912;Анны Григорьевны;146;упоминат
913;Анне Ивановне;146;упоминат
914;Анне Ивановне;146;упоминат
915;Аполлон Николаевич;146;упоминат
916;Ф.М.Достоевский;147;автор
917;H. H. Страхов;147;адресат
918;Николай Николаевич;147;упоминат
919;Николай Николаевич;147;упоминат
920;Николай Николаевич;147;упоминат
921;Львом Толстым;147;упоминат
922;Николай Николаевич;147;упоминат
923;Николай Николаевич;147;упоминат
924;Николай Николаевич;147;упоминат
925;Николай Николаевич;147;упоминат
926;Федор Достоевский;147;упоминат
927;Ф.М.Достоевский;148;автор
928;H. H. Страхов;148;адресат
929;Николай Николаевич;148;упоминат
930;Николай Николаевич;148;упоминат
931;Николай Николаевич;148;упоминат
932;Федор Достоевский;148;упоминат
933;Ф.М.Достоевский;149;автор
934;M. H. Катков;149;адресат
935;Михаил Никифорович;149;упоминат
936;Нечаевым Иванова;149;упоминат
937;Петр Верховенский;149;упоминат
938;Михаил Никифорович;149;упоминат
939;Тихона Задонского;149;упоминат
940;Михаил Никифорович;149;упоминат
941;Михаил Никифорович;149;упоминат
942;Ф.М.Достоевский;150;автор
943;A. H. Майков;150;адресат
944;Аполлон Николаевич;150;упоминат
945;Николая Чудотворца;150;упоминат
946;Николай Чудотворец;150;упоминат
947;Аполлон Николаевич;150;упоминат
948;Павлы Анненковы;150;упоминат
949;Анна Григорьевна;150;упоминат
950;Федор Достоевский;150;упоминат
951;Ф.М.Достоевский;151;автор
952;H. H. Страхов;151;адресат
953;Николай Николаевич;151;упоминат
954;Николай Николаевич;151;упоминат
955;Николай Николаевич;151;упоминат
956;Николай Николаевич;151;упоминат
957;Николай Николаевич;151;упоминат
958;Федор Достоевский;151;упоминат
959;Ф.М.Достоевский;152;автор
960;H. H. Страхов;152;адресат
961;Николай Николаевич;152;упоминат
962;Америке Огородникова;152;упоминат
963;Николай Николаевич;152;упоминат
964;Аполлон Николаевич Майков;152;упоминат
965;Николай Николаевич;152;упоминат
966;Николай Николаевич;152;упоминат
967;Федор Достоевский;152;упоминат
968;Ф.М.Достоевский;153;автор
969;H. H. Страхов;153;адресат
970;Николай Николаевич;153;упоминат
971;Николай Николаевич;153;упоминат
972;Николай Николаевич;153;упоминат
973;Наполеона Блюхер;153;упоминат
974;Николай Николаевич;153;упоминат
975;Николай Николаевич;153;упоминат
976;Ф.М.Достоевский;154;автор
977;А. Н. Майков;154;адресат
978;Аполлон Николаевич;154;упоминат
979;Степана Трофимовича;154;упоминат
980;Ф.М.Достоевский;155;автор
981;H. H. Страхов;155;адресат
982;Николай Николаевич;155;упоминат
983;Льва Толстого;155;упоминат
984;Николай Николаевич;155;упоминат
985;Николай Николаевич;155;упоминат
986;Николай Николаевич;155;упоминат
987;Николай Николаевич;155;упоминат
988;Николай Николаевич;155;упоминат
989;Ф.М.Достоевский;156;автор
990;H. H. Страхов;156;адресат
991;Николай Николаевич;156;упоминат
992;Николай Николаевич;156;упоминат
993;Николай Николаевич;156;упоминат
994;Ф.М.Достоевский;157;автор
995;H. H. Страхов;157;адресат
996;Николай Николаевич;157;упоминат
997;Западе Христа;157;упоминат
998;Феликсу Пиа;157;упоминат
999;Льва Толстого;157;упоминат
1000;Ф.М.Достоевский;158;автор
1001;В. Д. Оболенская;158;адресат
1002;Варвара Дмитриевна;158;упоминат
1003;Ф.М.Достоевский;159;автор
1004;H. A. Любимов;159;адресат
1005;Николай Алексеевич;159;упоминат
1006;Николай Алексеевич;159;упоминат
1007;Ф.М.Достоевский;160;автор
1008;A. A. Романов;160;адресат
1009;Ф.М.Достоевский;161;автор
1010;М. П. Погодин;161;адресат
1011;Михаил Петрович;161;упоминат
1012;Ф.М.Достоевский;162;автор
1013;M. П. Погодин;162;адресат
1014;Михаил Петрович;162;упоминат
1015;Крыма Страхов;162;упоминат
1016;Михаил Петрович;162;упоминат
1017;Сергеевич Аксаков;162;упоминат
1018;Михаил Петрович;162;упоминат
1019;России Восточный;162;упоминат
1020;Михаил Петрович;162;упоминат
1021;Михаил Петрович;162;упоминат
1022;Ф.М.Достоевский;163;автор
1023;М. П. Федоров;163;адресат
1024;Михаил Павлович;163;упоминат
1025;Федор Достоевский;163;упоминат
1026;Ф.М.Достоевский;164;автор
1027;В. П. Мещерский;164;адресат
1028;Ф.М.Достоевский;165;автор
1029;А. Ф. Кони;165;адресат
1030;Анатолий Федорович;165;упоминат
1031;Ф.М.Достоевский;166;автор
1032;А. Г. Достоевская;166;адресат
1033;Анне Гавриловне;166;упоминат
1034;Анна Гавриловна;166;упоминат
1035;Анне Гавриловне;166;упоминат
1036;Ф.М.Достоевский;167;автор
1037;Н. А. Некрасов;167;адресат
1038;Николай Алексеевич;167;упоминат
1039;Федор Достоевский;167;упоминат
1040;Ф.М.Достоевский;168;автор
1041;А. Г. Достоевская;168;адресат
1042;Всеволод Сергеевич Соловьев;168;упоминат
1043;Аполлоном Николаевичем;168;упоминат
1044;Порфирий Ламанский;168;упоминат
1045;Ф.М.Достоевский;169;автор
1046;А. Г. Достоевская;169;адресат
1047;Старой Руссе;169;упоминат
1048;Льва Толстого;169;упоминат
1049;Татьяны Павловны;169;упоминат
1050;Ф.М.Достоевский;170;автор
1051;А. Г. Достоевская;170;адресат
1052;Анна Ивановна;170;упоминат
1053;Михаила Николаевича;170;упоминат
1054;Ф.М.Достоевский;171;автор
1055;А. Г. Достоевская;171;адресат
1056;Ф.М.Достоевский;172;автор
1057;А. Г. Достоевская;172;адресат
1058;Старой Руссы;172;упоминат
1059;Старой Руссе;172;упоминат
1060;Анна Каренина;172;упоминат
1061;Иване Григорьевиче;172;упоминат
1062;Ф.М.Достоевский;173;автор
1063;А. Н. Плещеев;173;адресат
1064;Алексей Николаевич;173;упоминат
1065;Николай Алексеевич;173;упоминат
1066;Алексей Николаевич;173;упоминат
1067;Ф.М.Достоевский;174;автор
1068;Я. П. Полонский;174;адресат
1069;Яков Петрович;174;упоминат
1070;Ф.М.Достоевский;175;автор
1071;X. Д. Алчевская;175;адресат
1072;Христина Даниловна;175;упоминат
1073;Лев Толстой;175;упоминат
1074;Христина Даниловна;175;упоминат
1075;Федор Достоевский;175;упоминат
1076;Ф.М.Достоевский;176;автор
1077;С. Е. Лурье;176;адресат
1078;Софья Ефимовна;176;упоминат
1079;Ф.М.Достоевский;177;автор
1080;В. А. Алексеев;177;адресат
1081;Слове Своем;177;упоминат
1082;Ф.М.Достоевский;178;автор
1083;А. Г. Достоевская;178;адресат
1084;Ф.М.Достоевский;179;автор
1085;с. С. Соловьев;179;адресат
1086;Всеволод Сергеевич;179;упоминат
1087;Старой Руссе;179;упоминат
1088;Анна Григорьевна;179;упоминат
1089;Старую Руссу;179;упоминат
1090;Анна Григорьевна;179;упоминат
1091;Старой Руссы;179;упоминат
1092;Ф.М.Достоевский;180;автор
1093;А. Г. Достоевская;180;адресат
1094;Ф.М.Достоевский;181;автор
1095;Л. В. Головина;181;адресат
1096;Любовь Валерьяновна;181;упоминат
1097;Любовь Валерьяновна;181;упоминат
1098;Федор Достоевский;181;упоминат
1099;Ф.М.Достоевский;182;автор
1100;К. И. Маслянников;182;адресат
1101;Анной Петровной Борейша;182;упоминат
1102;Анна Петровна;182;упоминат
1103;Ф.М.Достоевский;183;автор
1104;А. Ф. Герасимова;183;адресат
1105;Анна Павловна Философова;183;упоминат
1106;Ф.М.Достоевский;184;автор
1107;С. Е. Лурье;184;адресат
1108;Софья Ефимовна;184;упоминат
1109;Федор Достоевский;184;упоминат
1110;Ф.М.Достоевский;185;автор
1111;С. Е. Лурье;185;адресат
1112;Софья Ефимовна;185;упоминат
1113;Виктора Гюго;185;упоминат
1114;Виктора Гюго;185;упоминат
1115;Ф.М.Достоевский;186;автор
1116;А. Г. Достоевской;186;адресат
1117;Марья Николаевна;186;упоминат
1118;Марье Николаевне;186;упоминат
1119;Ф.М.Достоевский;187;автор
1120;А. Г. Достоевская;187;адресат
1121;Марье Николаевне;187;упоминат
1122;Малый Прикол;187;упоминат
1123;Елене Павловне;187;упоминат
1124;Марье Николаевне;187;упоминат
1125;Михаила Николаевича Сниткина;187;упоминат
1126;Марьи Николаевны;187;упоминат
1127;Елены Павловны;187;упоминат
1128;Елены Павловны;187;упоминат
1129;Елене Павловне Ивановой;187;упоминат
1130;Ф.М.Достоевский;188;автор
1131;Д. В. Аверкиев;188;адресат
1132;Ф.М.Достоевский;189;автор
1133;Д. В. Аверкиев;189;адресат
1134;Ф.М.Достоевский;190;автор
1135;Н. Л. Озмидов;190;адресат
1136;Николай Лукич;190;упоминат
1137;Николай Лукич;190;упоминат
1138;Ф.М.Достоевский;191;автор
1139;В. В. Михайлов;191;адресат
1140;Аполлону Николаевичу Майкову;191;упоминат
1141;Старой Руссе;191;упоминат
1142;Федор Достоевский;191;упоминат
1143;Ф.М.Достоевский;192;автор
1144;Н. П. Петерсон;192;адресат
1145;Николай Павлович;192;упоминат
1146;Владимиру Сергеевичу Соловьеву;192;упоминат
1147;Николай Павлович;192;упоминат
1148;Ф.М.Достоевский;193;автор
1149;НЕУСТАНОВЛЕННОМУ ЛИЦУ;193;адресат
1150;Федор Достоевский;193;упоминат
1151;Ф.М.Достоевский;194;автор
1152;Э. АБУ;194;адресат
1153;Виктора Гюго;194;упоминат
1154;Ф.М.Достоевский;195;автор
1155;Ф. Ф. Радецкий;195;адресат
1156;Александром Ивановичем;195;упоминат
1157;Федор Федорович;195;упоминат
1158;Ф.М.Достоевский;196;автор
1159;А. П. Философова;196;адресат
1160;Анна Павловна;196;упоминат
1161;Ф.М.Достоевский;197;автор
1162;H. M. Достоевский;197;адресат
1163;Николай Михайлович;197;упоминат
1164;Большом Охтенском;197;упоминат
1165;Федор Михайлович;197;упоминат
1166;Ф.М.Достоевский;198;автор
1167;П. А. Исаев;198;адресат
1168;Павел Александрович;198;упоминат
1169;Ф.М.Достоевский;199;автор
1170;А. Г. Достоевская;199;адресат
1171;Ф.М.Достоевский;200;автор
1172;А. Г. Достоевская;200;адресат
1173;Старую Руссу;200;упоминат
1174;Старую Руссу;200;упоминат
1175;Елену Павловну;200;упоминат
1176;Ольги Кирилловны;200;упоминат
1177;Ф.М.Достоевский;201;автор
1178;А. Г. Достоевская;201;адресат
1179;Елене Павловне;201;упоминат
1180;Старую Руссу;201;упоминат
1181;Анне Николаевне;201;упоминат
1182;Ф.М.Достоевский;202;автор
1183;С. А. Юрьев;202;адресат
1184;Сергей Андреевич;202;упоминат
1185;Михаилом Никифоровичем;202;упоминат
1186;Старой Руссе;202;упоминат
1187;Ф.М.Достоевский;203;автор
1188;А. Г. Достоевская;203;адресат
1189;Михаила Никифоровича;203;упоминат
1190;Софье Петровне;203;упоминат
1191;Андреем Первозванным;203;упоминат
1192;Софье Петровне;203;упоминат
1193;Елене Павловне;203;упоминат
1194;Елены Павловны;203;упоминат
1195;Ф.М.Достоевский;204;автор
1196;А. Г. Достоевская;204;адресат
1197;Ольге Федоровне Шер;204;упоминат
1198;Машеньки Ивановой;204;упоминат
1199;Елене Павловне;204;упоминат
1200;Ф.М.Достоевский;205;автор
1201;В. П. Гаевский;205;адресат
1202;Виктор Павлович;205;упоминат
1203;Ф.М.Достоевский;206;автор
1204;В. Ф. Пуцыкович;206;адресат
1205;Виктор Феофилович;206;упоминат
1206;Михаила Никифоровича;206;упоминат
1207;Михаила Никифоровича;206;упоминат
1208;Ф.М.Достоевский;207;автор
1209;К. К. Романов;207;адресат
1210;Сергея Александровича;207;упоминат
1211;Ф.М.Достоевский;208;автор
1212;H. A. Любимов;208;адресат
1213;Николай Алексеевич;208;упоминат
1214;Старую Руссу;208;упоминат
1215;Николай Алексеевич;208;упоминат
1216;Николай Алексеевич;208;упоминат
1217;Старая Русса;208;упоминат
1218;Федору Михайловичу Достоевскому;208;упоминат
1219;Николай Алексеевич;208;упоминат
1220;Михаила Никифоровича;208;упоминат
1221;Николай Алексеевич;208;упоминат
1222;Ф.М.Достоевский;209;автор
1223;К. П. Победоносцев;209;адресат
1224;Константин Петрович;209;упоминат
1225;Петра Великого;209;упоминат
1226;Константин Петрович;209;упоминат
1227;Старая Русса;209;упоминат
1228;Михайловичу Достоевскому;209;упоминат
1229;Ф.М.Достоевский;210;автор
1230;Н. А. Любимов;210;адресат
1231;Иван Карамазов;210;упоминат
1232;Амура Гвидо Рени;210;упоминат
1233;Николай Алексеевич;210;упоминат
1234;Ф.М.Достоевский;211;автор
1235;Н. А. Любимов;211;адресат
1236;Николай Алексеевич;211;упоминат
1237;Русской Земли;211;упоминат
1238;Николай Алексеевич;211;упоминат
1239;Михаил Никифорович;211;упоминат
1240;Николай Алексеевич;211;упоминат
1241;Михаил Никифорович;211;упоминат
1242;Михаилом Никифоровичем;211;упоминат
1243;Михаил Никифорович;211;упоминат
1244;Николай Алексеевич;211;упоминат
1245;Ф.М.Достоевский;212;автор
1246;E. А. Штакеншнейдер;212;адресат
1247;Елена Андреевна;212;упоминат
1248;Ф.М.Достоевский;213;автор
1249;Ф. ТОМА;213;адресат
1250;Ф.М.Достоевский;214;автор
1251;А. П. Философова;214;адресат
1252;Анна Павловна;214;упоминат
1253;Анна Павловна;214;упоминат
1254;Ф.М.Достоевский;215;автор
1255;Н. А. Любимов;215;адресат
1256;Николай Алексеевич;215;упоминат
1257;Николай Алексеевич;215;упоминат
1258;Тихона Задонского;215;упоминат
1259;Николай Алексеевич;215;упоминат
1260;Михаилу Никифоровичу;215;упоминат
1261;Алексея Карамазова;215;упоминат
1262;Алексеем Карамазовым;215;упоминат
1263;Старой Руссы;215;упоминат
1264;Старую Руссу;215;упоминат
1265;Николай Алексеевич;215;упоминат
1266;Старую Руссу;215;упоминат
1267;Ф.М.Достоевский;216;автор
1268;А. Г. Достоевская;216;адресат
1269;Старую Руссу;216;упоминат
1270;Эмилии Федоровне;216;упоминат
1271;Федор Михайлович;216;упоминат
1272;Ф.М.Достоевский;217;автор
1273;К. П. Победоносцев;217;адресат
1274;Константин Петрович;217;упоминат
1275;Евгения Маркова;217;упоминат
1276;Старую Руссу;217;упоминат
1277;Константин Петрович;217;упоминат
1278;Ф.М.Достоевский;218;автор
1279;Н. А. Любимов;218;адресат
1280;Николай Алексеевич;218;упоминат
1281;Николай Алексеевич;218;упоминат
1282;Мити Карамазова;218;упоминат
1283;Николай Алексеевич;218;упоминат
1284;Николай Алексеевич;218;упоминат
1285;Ф.М.Достоевский;219;автор
1286;В. В. Самойлов;219;адресат
1287;Ф.М.Достоевский;220;автор
1288;А. Н. Курносова;220;адресат
1289;Ф.М.Достоевский;221;автор
1290;Е. Ф. Юнге;221;адресат
1291;Катерина Федоровна;221;упоминат
1292;Владимира Соловьева;221;упоминат
1293;Катерина Федоровна;221;упоминат
1294;Ф.М.Достоевский;222;автор
1295;А. С. Суворин;222;адресат
1296;Алексей Сергеевич;222;упоминат
1297;Ф.М.Достоевский;223;автор
1298;А. Г. Достоевская;223;адресат
1299;Анной Николавной;223;упоминат
1300;Елены Павловны;223;упоминат
1301;Елене Павловне;223;упоминат
1302;Ф.М.Достоевский;224;автор
1303;А. Г. Достоевская;224;адресат
1304;Николай Аксаков;224;упоминат
1305;Ивану Сергеевичу Аксакову;224;упоминат
1306;Елене Павловне;224;упоминат
1307;Нину Ивановых;224;упоминат
1308;Елена Павловна;224;упоминат
1309;Веры Михайловны;224;упоминат
1310;Николаем Аксаковым;224;упоминат
1311;Елене Павловне;224;упоминат
1312;Ф.М.Достоевский;225;автор
1313;А. Г. Достоевская;225;адресат
1314;Николай Аксаков;225;упоминат
1315;Иван Сергеевич Аксаков;225;упоминат
1316;Николай Аксаков;225;упоминат
1317;Николай Рубинштейн;225;упоминат
1318;Николай Рубинштейн;225;упоминат
1319;Старую Руссу;225;упоминат
1320;Елене Павловне;225;упоминат
1321;Еленой Павловной;225;упоминат
1322;Машеньке Ивановой;225;упоминат
1323;Елена Павловна;225;упоминат
1324;Елены Павловны;225;упоминат
1325;Елене Павловне;225;упоминат
1326;Елену Павловну;225;упоминат
1327;Иван Сергеевич Аксаков;225;упоминат
1328;Затем Юрьев;225;упоминат
1329;Ивана Аксакова;225;упоминат
1330;Ф.М.Достоевский;226;автор
1331;А. Г. Достоевская;226;адресат
1332;Пушкина Павлищев;226;упоминат
1333;Елены Павловны;226;упоминат
1334;Елене Павловне;226;упоминат
1335;Льва Толстого;226;упоминат
1336;Ф.М.Достоевский;227;автор
1337;А. Г. Достоевская;227;адресат
1338;Федором Михайловичем;227;упоминат
1339;Константина Константиновича;227;упоминат
1340;Елене Павловне;227;упоминат
1341;Елены Павловны;227;упоминат
1342;Льве Толстом;227;упоминат
1343;Ясную Поляну;227;упоминат
1344;Анна Григорьевна;227;упоминат
1345;Елены Павловны;227;упоминат
1346;Ф.М.Достоевский;228;автор
1347;А. Г. Достоевская;228;адресат
1348;Иван Сергеевич Аксаков;228;упоминат
1349;Иван Аксаков;228;упоминат
1350;Варвара Михайловна;228;упоминат
1351;Дона Анна;228;упоминат
1352;Елене Павловне;228;упоминат
1353;Николаем Японским;228;упоминат
1354;Елене Павловне;228;упоминат
1355;Ф.М.Достоевский;229;автор
1356;А. Г. Достоевская;229;адресат
1357;Анна Николавна Энгельгардт;229;упоминат
1358;Иван Сергеевич Аксаков;229;упоминат
1359;Елене Павловне;229;упоминат
1360;Тестова Григоровича;229;упоминат
1361;Елене Павловне;229;упоминат
1362;Елены Павловны;229;упоминат
1363;Елены Павловны;229;упоминат
1364;Елене Павловне;229;упоминат
1365;Елене Павловне;229;упоминат
1366;Ф.М.Достоевский;230;автор
1367;А. Г. Достоевская;230;адресат
1368;Гоголя Аксаков;230;упоминат
1369;Елены Павловны;230;упоминат
1370;Анне Николаевне Энгельгардт;230;упоминат
1371;Пушкина Тютчева;230;упоминат
1372;Анне Николавне;230;упоминат
1373;Ф.М.Достоевский;231;автор
1374;А. Г. Достоевская;231;адресат
1375;Елене Павловне;231;упоминат
1376;Елене Павловне;231;упоминат
1377;Анне Николавне;231;упоминат
1378;Ивана Аксакова;231;упоминат
1379;Ф.М.Достоевский;232;автор
1380;А. Г. Достоевская;232;адресат
1381;Пушкина Скупого;232;упоминат
1382;Ф.М.Достоевский;233;автор
1383;А. Г. Достоевская;233;адресат
1384;Анны Николаевны Энгельгардт;233;упоминат
1385;Федор Петрович Корнилов;233;упоминат
1386;Ф.М.Достоевский;234;автор
1387;А. Г. Достоевская;234;адресат
1388;Иван Аксаков;234;упоминат
1389;Ф.М.Достоевский;235;автор
1390;А. Г. Достоевская;235;адресат
1391;Ф.М.Достоевский;236;автор
1392;С. А. Толстой;236;адресат
1393;София Андреевна;236;упоминат
1394;Старую Руссу;236;упоминат
1395;Софья Андреевна;236;упоминат
1396;Вере Николаевне Третьяковой;236;упоминат
1397;Софья Андреевна;236;упоминат
1398;Юлия Федоровна;236;упоминат
1399;Владимира Сергеевича;236;упоминат
1400;Ф.М.Достоевский;237;автор
1401;Е. А. Штакеншнейдер;237;адресат
1402;Елена Андреевна;237;упоминат
1403;Елена Андреевна;237;упоминат
1404;Тургенев Каткова;237;упоминат
1405;Иван Аксаков;237;упоминат
1406;Андреюб Андреевичу;237;упоминат
1407;Марье Федоровне;237;упоминат
1408;Ольге Андреевне;237;упоминат
1409;Софье Ивановне;237;упоминат
1410;Ф.М.Достоевский;238;автор
1411;Н. А. Любимов;238;адресат
1412;Николай Алексеевич;238;упоминат
1413;Николай Алексеевич;238;упоминат
1414;Николай Алексеевич;238;упоминат
1415;Николай Алексеевич;238;упоминат
1416;Михаилу Никифоровичу;238;упоминат
1417;Старую Руссу;238;упоминат
1418;Ф.М.Достоевский;239;автор
1419;А. Г. Достоевская;239;адресат
1420;Марье Николаевне;239;упоминат
1421;Ф.М.Достоевский;240;автор
1422;М. А. Поливанова;240;адресат
1423;Марья Александровна;240;упоминат
1424;Старой Руссе;240;упоминат
1425;Ф.М.Достоевский;241;автор
1426;Н. Л. Озмидов;241;адресат
1427;Николай Лукич;241;упоминат
1428;Жиль Блаз;241;упоминат
1429;Мексики Прескотта;241;упоминат
1430;Ф.М.Достоевский;242;автор
1431;И. С. Аксаков;242;адресат
1432;Иван Сергеевич;242;упоминат
1433;Ф.М.Достоевский;243;автор
1434;H. A. Любимов;243;адресат
1435;Николай Алексеевич;243;упоминат
1436;Старой Руссе;243;упоминат
1437;Михаилу Никифоровичу;243;упоминат
1438;Николай Алексеевич;243;упоминат
1439;Луи Блан;243;упоминат
1440;Михайловичу Достоевскому;243;упоминат
1441;Ф.М.Достоевский;244;автор
1442;Н. А. Любимов;244;адресат
1443;Николай Алексеевич;244;упоминат
1444;Михаилу Никифоровичу;244;упоминат
1445;Ф.М.Достоевский;245;автор
1446;А. А. Толстой;245;адресат
1447;Александра Андреевна;245;упоминат
1448;Ф.М.Достоевский;246;автор
1449;Н. А. Любимов;246;адресат
1450;Николай Алексеевич;246;упоминат
1451;Михаилу Никифоровичу;246;упоминат
1452;Михаилу Никифоровичу;246;упоминат
1453;Ф.М.Достоевский;247;автор
1454;Е. Н. Гейден;247;адресат
1455;Федор Михайлович;247;упоминат
