Н. А. Некрасов;2;https://ru.wikipedia.org/wiki/Некрасов,_Николай_Алексеевич
М. Ф. Штакеншнейдер;1;https://ru.wikipedia.org/wiki/Штакеншнейдер,_Андрей_Иванович
В. Д. Оболенская;1;https://ru.wikipedia.org/wiki/Оболенские
Н. П. Петерсон;1;https://ru.wikipedia.org/wiki/Петерсон,_Николай_Павлович
А. Ф. Кони;1;https://ru.wikipedia.org/wiki/Кони,_Анатолий_Фёдорович
А. Ф. Герасимова;1;https://ru.wikipedia.org/wiki/Овстуг_(усадьба)
X. Д. Алчевская;1;https://ru.wikipedia.org/wiki/Калмыкова,_Александра_Михайловна
И. С. Аксаков;1;https://ru.wikipedia.org/wiki/Аксаков,_Иван_Сергеевич
Е. А. Штакеншнейдер;1;https://ru.wikipedia.org/wiki/Павильонный_зал
M. A. Достоевский;1;https://ru.wikipedia.org/wiki/Достоевский,_Фёдор_Михайлович
Ф. Ф. Радецкий;1;https://ru.wikipedia.org/wiki/Дагестанский_82-й_пехотный_полк
А. А. Толстой;1;https://ru.wikipedia.org/wiki/Толстой,_Лев_Николаевич
С. А. Толстой;1;https://ru.wikipedia.org/wiki/Толстой,_Лев_Николаевич
О. А. Эйснер;1;https://ru.wikipedia.org/wiki/Эйснер,_Роберт
А. С. Суворин;1;https://ru.wikipedia.org/wiki/Суворин,_Алексей_Сергеевич
А. П. Суслова;3;https://ru.wikipedia.org/wiki/Утин,_Николай_Исаакович
В. Ф. Пуцыкович;1;https://ru.wikipedia.org/wiki/Гражданин_(журнал)
H. M. Достоевский;2;https://ru.wikipedia.org/wiki/Великий_инквизитор_(Достоевский)
М. П. Погодин;1;https://ru.wikipedia.org/wiki/Не_в_свои_сани_не_садись
Н. Л. Озмидов;2;https://ru.wikipedia.org/wiki/Озмидов,_Ростислав_Всеволодович
В. П. Мещерский;1;https://ru.wikipedia.org/wiki/Гражданин_(журнал)
А. А. И;1;https://ru.wikipedia.org/wiki/Реальный_словарь_классических_древностей
Э. И. Тотлебен;1;https://ru.wikipedia.org/wiki/Тотлебен,_Эдуард_Иванович
M. H. Катков;36;https://ru.wikipedia.org/wiki/PzKpfw_IV
Я. П. Полонский;2;https://ru.wikipedia.org/wiki/Полонский,_Яков_Петрович
В. В. Самойлов;1;https://ru.wikipedia.org/wiki/Самойлов,_Пётр_Сергеевич
M. Ф. Достоевская;2;https://ru.wikipedia.org/wiki/Достоевский,_Фёдор_Михайлович
П. А. Карелии;4;https://ru.wikipedia.org/wiki/Корниенко,_Геннадий_Александрович
А. Е. Врангель;8;https://ru.wikipedia.org/wiki/Врангель,_Пётр_Николаевич
Э. Ф. Достоевская;61;https://ru.wikipedia.org/wiki/Национальный_академический_драматический_театр_им._М._Горького
E. А. Штакеншнейдер;1;https://ru.wikipedia.org/wiki/Санкт-Петербург
А. Н. Сниткин;3;https://ru.wikipedia.org/wiki/Достоевская,_Анна_Григорьевна
А. П. Милюков;2;https://ru.wikipedia.org/wiki/1862_год_в_литературе
А. Н. Островский;1;https://ru.wikipedia.org/wiki/Островский,_Александр_Николаевич
A. A. Романов;1;https://ru.wikipedia.org/wiki/Романов,_Илья_Павлович
П. А. Исаев;1;https://ru.wikipedia.org/wiki/Социал-демократическая_партия_России_(1990)
Н. А. Любимов;49;https://ru.wikipedia.org/wiki/Кинематограф_Украины
К. П. Победоносцев;2;https://ru.wikipedia.org/wiki/Победоносцев,_Константин_Петрович
А. Н. Курносова;1;https://ru.wikipedia.org/wiki/Курносов,_Николай_Матвеевич
Е. Ф. Юнге;1;https://ru.wikipedia.org/wiki/Юнге,_Екатерина_Фёдоровна
Ч. Ч. Валиханов;1;https://ru.wikipedia.org/wiki/Тюркология
A. E. Врангель;2;https://ru.wikipedia.org/wiki/Остров_Врангеля
Н. Д. Фонвизина;1;https://ru.wikipedia.org/wiki/Фонвизин,_Михаил_Александрович
М. А. Достоевский;3;https://ru.wikipedia.org/wiki/Омский_государственный_университет_имени_Ф._М._Достоевского
А. Г. Сниткина;1;https://ru.wikipedia.org/wiki/Симонова,_Евгения_Павловна
А. М. Достоевский;1;https://ru.wikipedia.org/wiki/Омский_государственный_университет_имени_Ф._М._Достоевского
С. А. Иванова;5;https://ru.wikipedia.org/wiki/Иваново
Е. П. Майкова;1;https://ru.wikipedia.org/wiki/Константинов,_Василий_Константинович
Л. В. Головина;1;https://ru.wikipedia.org/wiki/Математическая_индукция
H. H. Страхов;16;https://ru.wikipedia.org/wiki/Страхов,_Николай_Николаевич
M. П. Погодин;1;https://ru.wikipedia.org/wiki/Григьян,_Эрик_Антонович
В. П. Гаевский;1;https://ru.wikipedia.org/wiki/Адвокат
Н. П. Суслова;1;https://ru.wikipedia.org/wiki/Суслова,_Надежда_Прокофьевна
М. А. Поливанова;1;https://ru.wikipedia.org/wiki/Поливанов,_Евгений_Дмитриевич
П. Е. Анненкова;1;https://ru.wikipedia.org/wiki/Русская_старина
А. Н. Плещеев;1;https://ru.wikipedia.org/wiki/Плещеев,_Алексей_Николаевич
С. Д. Яновскому;1;https://ru.wikipedia.org/wiki/Кёльн_1898
А. В. Корвин;2;https://ru.wikipedia.org/wiki/Корвин-Круковская,_Анна_Васильевна
И. С. Тургенев;6;https://ru.wikipedia.org/wiki/Тургенев,_Иван_Сергеевич
М. Ф. Достоевская;1;https://ru.wikipedia.org/wiki/Лазаревское_кладбище_(Москва)
Е. И. Якушкин;2;https://ru.wikipedia.org/wiki/Якушкин,_Евгений_Иванович
с. С. Соловьев;1;https://ru.wikipedia.org/wiki/Соловьи
