1;Ф.М.Достоевский;1;автор
2;M. Ф. Достоевская;1;адресат
3;Ф.М.Достоевский;2;автор
4;М. Ф. Достоевская;2;адресат
5;Алена Фроловна;2;упоминат
6;Андрей Достоевский;2;упоминат
7;Ф.М.Достоевский;3;автор
8;M. Ф. Достоевская;3;адресат
9;Андрей Достоевский;3;упоминат
10;Ф.М.Достоевский;4;автор
11;М. А. Достоевский;4;адресат
12;Коронад Филиппович;4;упоминат
13;Коронад Филиппович;4;упоминат
14;Коронад Филиппович;4;упоминат
15;Михаил Павлович;4;упоминат
16;Феодор Достоевские;4;упоминат
17;Ф.М.Достоевский;5;автор
18;M. A. Достоевский;5;адресат
19;Коронад Филиппович;5;упоминат
20;Коронад Филиппович;5;упоминат
21;Феодор Достоевские;5;упоминат
22;Ф.М.Достоевский;6;автор
23;М. А. Достоевский;6;адресат
24;Ф.М.Достоевский;7;автор
25;M. M. Достоевский;7;адресат
26;Виктор Гюго;7;упоминат
27;Ф.М.Достоевский;8;автор
28;M. M. Достоевский;8;адресат
29;Иван Николаевич;8;упоминат
30;Иван Николаевич;8;упоминат
31;Иван Николаевич;8;упоминат
32;Ф.М.Достоевский;9;автор
33;М. А. Достоевский;9;адресат
34;Юлий Цезарь;9;упоминат
35;Ф.М.Достоевский;10;автор
36;M. M. Достоевский;10;адресат
37;Иван Николаевич;10;упоминат
38;Ф.М.Достоевский;11;автор
39;А. А. И;11;адресат
40;Ф.М.Достоевский;12;автор
41;M. M. Достоевский;12;адресат
42;Дон Карлоса;12;упоминат
43;Ахилл Расина;12;упоминат
44;Иван Никифорыч;12;упоминат
45;Карл Мор;12;упоминат
46;Дон Карлос;12;упоминат
47;Аякс Теламонид;12;упоминат
48;Дон Родрига;12;упоминат
49;Иван Иванович Перерепенко;12;упоминат
50;Ф.М.Достоевский;13;автор
51;M. M. Достоевский;13;адресат
52;Ф.М.Достоевский;14;автор
53;M. M. Достоевский;14;адресат
54;Ф.М.Достоевский;15;автор
55;M. M. Достоевский;15;адресат
56;Ф.М.Достоевский;16;автор
57;M. M. Достоевский;16;адресат
58;Эмилия Федоровна;16;упоминат
59;Ф.М.Достоевский;17;автор
60;M. M. Достоевский;17;адресат
61;Ф.М.Достоевский;18;автор
62;П. А. Карепин;18;адресат
63;Петр Андреевич;18;упоминат
64;Петр Андреевич;18;упоминат
65;Петр Андреевич;18;упоминат
66;Петр Андреевич;18;упоминат
67;Ф.М.Достоевский;19;автор
68;M. M. Достоевский;19;адресат
69;Западной Европе;19;упоминат
70;Ф.М.Достоевский;20;автор
71;M. M. Достоевский;20;адресат
72;Эмилия Федоровна;20;упоминат
73;Ф.М.Достоевский;21;автор
74;M. M. Достоевский;21;адресат
75;Эмилиия Федоровна;21;упоминат
76;Эмилия Федоровна;21;упоминат
77;Мария Ивановна;21;упоминат
78;Александр Адамович Бергманам;21;упоминат
79;Ф.М.Достоевский;22;автор
80;M. M. Достоевский;22;адресат
81;Петрович Голядкин;22;упоминат
82;Фаддей Булгарин;22;упоминат
83;Лекция Шевырева;22;упоминат
84;Театр Шиллера;22;упоминат
85;Ф.М.Достоевский;23;автор
86;M. M. Достоевский;23;адресат
87;Эмилия Федоровна;23;упоминат
88;Ф.М.Достоевский;24;автор
89;M. M. Достоевский;24;адресат
90;Эмилия Федоровна;24;упоминат
91;Ф.М.Достоевский;25;автор
92;M. M. Достоевский;25;адресат
93;Гоголевым Поприщиным;25;упоминат
94;Эмилия Федоровна;25;упоминат
95;Ф.М.Достоевский;26;автор
96;M. M. Достоевский;26;адресат
97;Эмилиия Федоровна;26;упоминат
98;Эмилия Федоровна;26;упоминат
99;Ф.М.Достоевский;27;автор
100;M. M. Достоевский;27;адресат
101;Эмилия Федоровна;27;упоминат
102;Ф.М.Достоевский;28;автор
103;M. M. Достоевский;28;адресат
104;Эмилия Федоровна;28;упоминат
105;Большой Мещанской;28;упоминат
106;Ф.М.Достоевский;29;автор
107;M. M. Достоевский;29;адресат
108;Святого Искусства;29;упоминат
109;Эмилия Федоровна;29;упоминат
110;Ф.М.Достоевский;30;автор
111;M. M. Достоевский;30;адресат
112;Эмилия Федоровна;30;упоминат
113;Эмилия Федоровна;30;упоминат
114;Анна Ивановна;30;упоминат
115;Ф.М.Достоевский;31;автор
116;M. M. Достоевский;31;адресат
117;Эмилия Федоровна;31;упоминат
118;Ф.М.Достоевский;32;автор
119;Е. П. Майкова;32;адресат
120;Евгения Петровна;32;упоминат
121;Ф.М.Достоевский;33;автор
122;А. А. Краевский;33;адресат
123;Андрей Александрович;33;упоминат
124;Андрей Александрович;33;упоминат
125;Андрей Александрович;33;упоминат
126;Андрей Александрович;33;упоминат
127;Ф.М.Достоевский;34;автор
128;M. M. Достоевский;34;адресат
129;Святого Димитрия Ростовского;34;упоминат
130;Ф.М.Достоевский;35;автор
131;M. M. Достоевский;35;адресат
132;Эмилия Федоровна;35;упоминат
133;Эмилия Федоровна;35;упоминат
134;Федор Достоевский;35;упоминат
135;Ф.М.Достоевский;36;автор
136;M. M. Достоевский;36;адресат
137;Эмилия Федоровна;36;упоминат
138;Ф.М.Достоевский;37;автор
139;M. M. Достоевский;37;адресат
140;Евгения Петровна;37;упоминат
141;Николай Аполлонович;37;упоминат
142;Аполлон Майков;37;упоминат
143;Федор Достоевский;37;упоминат
144;Валериан Майков;37;упоминат
145;Евгения Петровна;37;упоминат
146;Эмилия Федоровна;37;упоминат
147;Ф.М.Достоевский;38;автор
148;M. M. Достоевский;38;адресат
149;Эмилиия Федоровна;38;упоминат
150;Кузьма Прокофьевич Прокофьев;38;упоминат
151;Кузьма Прокофьич;38;упоминат
152;Эмилия Федоровна;38;упоминат
153;Михаил Петрович;38;упоминат
154;Михаил Петрович;38;упоминат
155;Константин Иванович;38;упоминат
156;Константин Иванович;38;упоминат
157;Евгения Тур;38;упоминат
158;Михаил Петрович;38;упоминат
159;Ф.М.Достоевский;39;автор
160;Н. Д. Фонвизина;39;адресат
161;Наталия Дмитриевна;39;упоминат
162;Сергей Дуров;39;упоминат
163;Наталия Дмитриевна;39;упоминат
164;Наталия Дмитриевна;39;упоминат
165;Наталия Дмитриевна;39;упоминат
166;Наталия Дмитриевна;39;упоминат
167;Наталия Дмитриевна;39;упоминат
168;Ф.М.Достоевский;40;автор
169;M. M. Достоевский;40;адресат
170;Эмилия Федоровна;40;упоминат
171;Федор Достоевский;40;упоминат
172;Ф.М.Достоевский;41;автор
173;Е. И. Якушкин;41;адресат
174;Евгений Иванович;41;упоминат
175;Евгений Иванович;41;упоминат
176;Ф.М.Достоевский;42;автор
177;М. Д. Исаева;42;адресат
178;Марья Дмитриевна;42;упоминат
179;Александр Иванович;42;упоминат
180;Марья Дмитриевна;42;упоминат
181;Александр Егорович;42;упоминат
182;Александр Егорыч;42;упоминат
183;Александр Иванович;42;упоминат
184;Петр Михайлович;42;упоминат
185;Марья Дмитриевна;42;упоминат
186;Марья Дмитриевна;42;упоминат
187;Александр Иванович;42;упоминат
188;Марья Дмитриевна;42;упоминат
189;Александр Иванович;42;упоминат
190;Александр Иванович;42;упоминат
191;Марья Дмитриевна;42;упоминат
192;Ф.М.Достоевский;43;автор
193;А. Е. Врангель;43;адресат
194;Александр Егорович;43;упоминат
195;Александр Иванович Исаев;43;упоминат
196;Марья Дмитриевна;43;упоминат
197;Александр Егорович;43;упоминат
198;Александр Егорович;43;упоминат
199;Александр Иванович;43;упоминат
200;Александр Егорович;43;упоминат
201;Марья Дмитриевна;43;упоминат
202;Ф.М.Достоевский;44;автор
203;П. Е. Анненкова;44;адресат
204;Прасковья Егоровна;44;упоминат
205;Алексей Иванович Бахирев;44;упоминат
206;Константина Ивановича;44;упоминат
207;Ольга Ивановна;44;упоминат
208;Ольга Ивановна;44;упоминат
209;Прасковья Егоровна;44;упоминат
210;Константин Иванович;44;упоминат
211;Ф.М.Достоевский;45;автор
212;M. M. Достоевский;45;адресат
213;Александр Егорович;45;упоминат
214;Александр Егорович;45;упоминат
215;Александр Егорович;45;упоминат
216;Александр Егорович;45;упоминат
217;Марья Дмитриевна;45;упоминат
218;Александр Егорович;45;упоминат
219;Марью Дмитриевну;45;упоминат
220;Александр Егорович;45;упоминат
221;Александр Егорович;45;упоминат
222;Александр Егорович;45;упоминат
223;Александр Егорович;45;упоминат
224;Александр Егорович;45;упоминат
225;Александра Егоровича;45;упоминат
226;Александр Егорович;45;упоминат
227;Александр Егорович;45;упоминат
228;Евгением Николаевичема Якушкиным;45;упоминат
229;Эмилия Федоровна;45;упоминат
230;Ф.М.Достоевский;46;автор
231;A. H. Майков;46;адресат
232;Аполлон Николаевич;46;упоминат
233;Анна Ивановна;46;упоминат
234;Евгения Петровна;46;упоминат
235;Валерианой Николаевичем;46;упоминат
236;Евгения Петровна;46;упоминат
237;Ф.М.Достоевский;47;автор
238;A. E. Врангель;47;адресат
239;Александр Егорович;47;упоминат
240;Эдуард Иванович Тотлебену;47;упоминат
241;Эдуард Иванович Тотлебену;47;упоминат
242;Федор Михайлович;47;упоминат
243;Катерина Осиповна;47;упоминат
244;Ф.М.Достоевский;48;автор
245;M. M. Достоевский;48;адресат
246;Александр Егорович Врангель;48;упоминат
247;Александр Егорович;48;упоминат
248;Марья Дмитриевна;48;упоминат
249;Федор Михайлович Достоевский;48;упоминат
250;Мария Дмитриевна Исаевой;48;упоминат
251;Эмилия Федоровна;48;упоминат
252;Марья Дмитриевна;48;упоминат
253;Ф.М.Достоевский;49;автор
254;Э. И. Тотлебен;49;адресат
255;Эдуард Иванович;49;упоминат
256;Александр Егорович Врангеля;49;упоминат
257;Адольф Иванович;49;упоминат
258;Эдуард Иванович;49;упоминат
259;Адольф Иванович;49;упоминат
260;Ф.М.Достоевский;50;автор
261;А. Е. Врангель;50;адресат
262;Александр Егорович;50;упоминат
263;Марья Дмитриевна;50;упоминат
264;Мария Николаевна;50;упоминат
265;Пушкин Катков;50;упоминат
266;Марья Дмитриевна;50;упоминат
267;Марья Дмитриевна;50;упоминат
268;Ф.М.Достоевский;51;автор
269;А. Е. Врангель;51;адресат
270;Александр Егорович;51;упоминат
271;Петр Михайлович;51;упоминат
272;Марья Дмитриевна;51;упоминат
273;Александр Егорович;51;упоминат
274;Петербурге Паша;51;упоминат
275;Ф.М.Достоевский;52;автор
276;A. E. Врангель;52;адресат
277;Александр Егорович;52;упоминат
278;Александр Егорович;52;упоминат
279;Александр Егорович;52;упоминат
280;Андрей Родионович;52;упоминат
281;Марья Дмитриевна;52;упоминат
282;Жиль Блазом;52;упоминат
283;Николай Борисович Вергунов;52;упоминат
284;Ф.М.Достоевский;53;автор
285;M. M. Достоевский;53;адресат
286;Александр Егорович;53;упоминат
287;Ольга Ивановна;53;упоминат
288;Александр Егорович;53;упоминат
289;Александр Егорович;53;упоминат
290;Эмилия Федоровна;53;упоминат
291;Ф.М.Достоевский;54;автор
292;Ч. Ч. Валиханов;54;адресат
293;Александр Николаевич;54;упоминат
294;Чекан Чингисович;54;упоминат
295;Ф.М.Достоевский;55;автор
296;А. Е. Врангель;55;адресат
297;Александр Егорович;55;упоминат
298;Федор Семенович Мещерина;55;упоминат
299;Вергунове Мещерину;55;упоминат
300;Ф.М.Достоевский;56;автор
301;M. M. Достоевский;56;адресат
302;Марья Дмитриевн Исаев;56;упоминат
303;Марья Дмитриевна;56;упоминат
304;Эмилия Федоровна;56;упоминат
305;Эмилия Федоровна;56;упоминат
306;Ф.М.Достоевский;57;автор
307;M. M. Достоевский;57;адресат
308;Эмилия Федоровна;57;упоминат
309;Эмилия Федоровна;57;упоминат
310;Ф.М.Достоевский;58;автор
311;Е. И. Якушкин;58;адресат
312;Евгений Иванович;58;упоминат
313;Александр Павлович;58;упоминат
314;Евгений Иванович;58;упоминат
315;Евгений Иванович;58;упоминат
316;Ф.М.Достоевский;59;автор
317;M. M. Достоевский;59;адресат
318;Ф.М.Достоевский;60;автор
319;M. H. Катков;60;адресат
320;Западной Сибири;60;упоминат
321;Федор Михайлович Достоевскому;60;упоминат
322;Ф.М.Достоевский;61;автор
323;M. M. Достоевский;61;адресат
324;Если Катков;61;упоминат
325;Эмилия Федоровна;61;упоминат
326;Эмилия Федоровна;61;упоминат
327;Ф.М.Достоевский;62;автор
328;АЛЕКСАНДРУ II ;62;адресат
329;Александр Николаевич;62;упоминат
330;Просит Сибирского;62;упоминат
331;Федор Михайловсын Достоевский;62;упоминат
332;Исаева Марье Дмитриевой;62;упоминат
333;Андрей Андреев;62;упоминат
334;Федор Михайлов;62;упоминат
335;Ф.М.Достоевский;63;автор
336;M. M. Достоевский;63;адресат
337;Бенвенуто Челлини;63;упоминат
338;Эмилия Федоровна;63;упоминат
339;Ф.М.Достоевский;64;автор
340;M. M. Достоевский;64;адресат
341;Ф.М.Достоевский;65;автор
342;M. M. Достоевский;65;адресат
343;Ф.М.Достоевский;66;автор
344;M. M. Достоевский;66;адресат
345;Эдуард Иванович;66;упоминат
346;Ф.М.Достоевский;67;автор
347;M. M. Достоевский;67;адресат
348;Ф.М.Достоевский;68;автор
349;АЛЕКСАНДРУ II ;68;адресат
350;Павл Исаев;68;упоминат
351;Александр Исаев;68;упоминат
352;Кузнецке Томской;68;упоминат
353;Павл Исаев;68;упоминат
354;Ф.М.Достоевский;69;автор
355;M. M. Достоевский;69;адресат
356;Ф.М.Достоевский;70;автор
357;M. M. Достоевский;70;адресат
358;Ф.М.Достоевский;71;автор
359;А. И. Шуберт;71;адресат
360;Александра Ивановна;71;упоминат
361;Степан Дмитриевич;71;упоминат
362;Степан Дмитриевич;71;упоминат
363;Степан Дмитриевич;71;упоминат
364;Аполлон Майков;71;упоминат
365;Аммоса Шишкина;71;упоминат
366;Михаиле Михайловичу;71;упоминат
367;Ф.М.Достоевский;72;автор
368;Я. П. Полонский;72;адресат
369;Яков Петрович;72;упоминат
370;Ф.М.Достоевский;73;автор
371;А. Н. Островский;73;адресат
372;Александр Николаевич;73;упоминат
373;Ф.М.Достоевский;74;автор
374;H. H. Страхов;74;адресат
375;Николай Николаич;74;упоминат
376;Михаил Михайлович;74;упоминат
377;Николай Николаевич;74;упоминат
378;Николай Николаевич;74;упоминат
379;Николай Николаевич;74;упоминат
380;Николай Николаевич;74;упоминат
381;Николай Николаевич;74;упоминат
382;Евгения Карловна;74;упоминат
383;Ф.М.Достоевский;75;автор
384;Н. А. Некрасов;75;адресат
385;Николай Алексеевич;75;упоминат
386;Ф.М.Достоевский;76;автор
387;И. С. Тургенев;76;адресат
388;Иван Сергеевич;76;упоминат
389;Иван Сергеевич;76;упоминат
390;Иван Сергеевич;76;упоминат
391;Валентин Федорович;76;упоминат
392;Иван Сергеевич;76;упоминат
393;Иван Сергеевич;76;упоминат
394;Иван Сергеевич;76;упоминат
395;Ф.М.Достоевский;77;автор
396;M. M. Достоевский;77;адресат
397;Аполлинария Прокофьевна;77;упоминат
398;Аполлинария Прокофьевна;77;упоминат
399;Что Аполлон Григорьев;77;упоминат
400;Марья Дмитриевна;77;упоминат
401;Варвара Дмитриевна;77;упоминат
402;Варвару Дмитриевну;77;упоминат
403;Марья Дмитриевна;77;упоминат
404;Ф.М.Достоевский;78;автор
405;H. H. Страхов;78;адресат
406;Николай Николаевич;78;упоминат
407;Николай Николаевич;78;упоминат
408;Аполлон Григорьев;78;упоминат
409;Николай Николаевич;78;упоминат
410;Марья Дмитриевна;78;упоминат
411;Святого Петра;78;упоминат
412;Николай Николаич;78;упоминат
413;Юлия Петровна;78;упоминат
414;Евгения Карловна;78;упоминат
415;Ф.М.Достоевский;79;автор
416;И. С. Тургенев;79;адресат
417;Иван Сергеевич;79;упоминат
418;Малой Мещанской;79;упоминат
419;Михаил Михайлович Достоевский;79;упоминат
420;Ф.М.Достоевский;80;автор
421;M. M. Достоевский;80;адресат
422;Александр Павлович;80;упоминат
423;Алексей Куманин;80;упоминат
424;Ф.М.Достоевский;81;автор
425;И. С. Тургенев;81;адресат
426;Иван Сергеевич;81;упоминат
427;Иван Сергеевич;81;упоминат
428;Ф.М.Достоевский;82;автор
429;M. M. Достоевский;82;адресат
430;Эмилия Федоровна;82;упоминат
431;Эмилия Федоровна;82;упоминат
432;Ф.М.Достоевский;83;автор
433;M. M. Достоевский;83;адресат
434;Варвара Дмитриевна;83;упоминат
435;Марьия Дмитриевна;83;упоминат
436;Александр Тверской;83;упоминат
437;Ф.М.Достоевский;84;автор
438;M. M. Достоевский;84;адресат
439;Александр Павлович;84;упоминат
440;Марья Дмитриевна;84;упоминат
441;Марья Дмитриевна;84;упоминат
442;Ф.М.Достоевский;85;автор
443;M. M. Достоевский;85;адресат
444;Ф.М.Достоевский;86;автор
445;M. M. Достоевский;86;адресат
446;Николай Николаевич;86;упоминат
447;Николай Николаевич;86;упоминат
448;Николай Николаевич;86;упоминат
449;Николай Николаевич;86;упоминат
450;Николая Николаевича;86;упоминат
451;Николай Николаевич;86;упоминат
452;Николая Николаевича;86;упоминат
453;Николая Николаевича;86;упоминат
454;Николая Николаевича;86;упоминат
455;Николай Николаевич;86;упоминат
456;Николай Николаич;86;упоминат
457;Николай Николаевич;86;упоминат
458;Николай Николаевич;86;упоминат
459;Марья Дмитриевна;86;упоминат
460;Александр Павлович;86;упоминат
461;Марья Дмитриевна;86;упоминат
462;Ф.М.Достоевский;87;автор
463;А. М. Достоевский;87;адресат
464;Андрей Михайлович;87;упоминат
465;Эмилия Федоровна;87;упоминат
466;Александр Павлович;87;упоминат
467;Эмилия Федоровна;87;упоминат
468;Эмилия Федоровна;87;упоминат
469;Ф.М.Достоевский;88;автор
470;И. С. Тургенев;88;адресат
471;Иван Сергеевич;88;упоминат
472;Егор Петрович;88;упоминат
473;Иван Сергеевич;88;упоминат
474;Ф.М.Достоевский;89;автор
475;А. В. Корвин;89;адресат
476;Анна Сергеевна;89;упоминат
477;Анна Сергеевна;89;упоминат
478;Ф.М.Достоевский;90;автор
479;И. С. Тургенев;90;адресат
480;Иван Сергеевич;90;упоминат
481;Иван Сергеевич;90;упоминат
482;Ф.М.Достоевский;91;автор
483;А. Е. Врангель;91;адресат
484;Александр Егорович;91;упоминат
485;Александр Егорович;91;упоминат
486;Александр Егорович;91;упоминат
487;Александр Егорович;91;упоминат
488;Ф.М.Достоевский;92;автор
489;Н. П. Суслова;92;адресат
490;Ф.М.Достоевский;93;автор
491;А. А. Краевский;93;адресат
492;Андрей Александрович;93;упоминат
493;Ф.М.Достоевский;94;автор
494;И. С. Тургенев;94;адресат
495;Иван Сергеевич;94;упоминат
496;Ф.М.Достоевский;95;автор
497;А. П. Суслова;95;адресат
498;Ф.М.Достоевский;96;автор
499;А. П. Суслова;96;адресат
500;Ф.М.Достоевский;97;автор
501;А. Е. Врангель;97;адресат
502;Александр Егорович;97;упоминат
503;Федор Достоевский;97;упоминат
504;Ф.М.Достоевский;98;автор
505;M. H. Катков;98;адресат
506;Михаил Никифорович;98;упоминат
507;Михаил Никифорович;98;упоминат
508;Михаил Никифорович;98;упоминат
509;Ф.М.Достоевский;99;автор
510;А. Е. Врангель;99;адресат
511;Александр Егорович;99;упоминат
512;Ф.М.Достоевский;100;автор
513;А. Е. Врангель;100;адресат
514;Александр Егорович;100;упоминат
515;Львом Толстым;100;упоминат
516;Ф.М.Достоевский;101;автор
517;M. H. Катков;101;адресат
518;Михаил Никифорович;101;упоминат
519;Михаил Никифорович;101;упоминат
520;Ф.М.Достоевский;102;автор
521;А. В. Корвин;102;адресат
522;Александр Павлович Иванову;102;упоминат
523;Старой Басманной;102;упоминат
524;Никиты Мученика;102;упоминат
525;Федор Михайлович Достоевскому;102;упоминат
526;Ф.М.Достоевский;103;автор
527;H. A. Любимов;103;адресат
528;Николай Алексеевич;103;упоминат
529;Николай Алексеевич;103;упоминат
530;Ф.М.Достоевский;104;автор
531;А. П. Милюков;104;адресат
532;Александр Петрович;104;упоминат
533;Иоанна Калиты;104;упоминат
534;Людмила Александровна;104;упоминат
535;Федор Достоевский;104;упоминат
536;Ф.М.Достоевский;105;автор
537;M. H. Катков;105;адресат
538;Михаил Никифорович;105;упоминат
539;Федор Достоевский;105;упоминат
540;Ф.М.Достоевский;106;автор
541;H. A. Любимов;106;адресат
542;Николай Алексеевич;106;упоминат
543;Михаил Никифорович;106;упоминат
544;Николай Алексеевич;106;упоминат
545;Николай Алексеевич;106;упоминат
546;Михаил Никифорович;106;упоминат
547;Михаил Никифорович;106;упоминат
548;Александр Федорович Базунов;106;упоминат
549;Ф.М.Достоевский;107;автор
550;Н. А. Любимов;107;адресат
551;Николай Алексеевич;107;упоминат
552;Федор Достоевский;107;упоминат
553;Ф.М.Достоевский;108;автор
554;Н. А. Любимов;108;адресат
555;Николай Алексеевич;108;упоминат
556;Федор Достоевский;108;упоминат
557;Ф.М.Достоевский;109;автор
558;Н. А. Любимов;109;адресат
559;Николай Алексеевич;109;упоминат
560;Ф.М.Достоевский;110;автор
561;А. Г. Сниткина;110;адресат
562;Елена Павловна;110;упоминат
563;Марья Сергеевна;110;упоминат
564;Александр Павлович;110;упоминат
565;Федор Михайлович;110;упоминат
566;Анна Григорьевна;110;упоминат
567;Федор Михайлович;110;упоминат
568;Елена Павловна;110;упоминат
569;Александр Павлович;110;упоминат
570;Елена Павловна;110;упоминат
571;Ф.М.Достоевский;111;автор
572;А. П. Милюков;111;адресат
573;Александр Петрович;111;упоминат
574;Троицк Измайловск;111;упоминат
575;Людмила Александровна;111;упоминат
576;Ольга Александровна;111;упоминат
577;Бедный Биба;111;упоминат
578;Ф.М.Достоевский;112;автор
579;А. П. Суслова;112;адресат
580;Анна Григорьевна Сниткина;112;упоминат
581;Ф.М.Достоевский;113;автор
582;А. Г. Достоевская;113;адресат
583;Ф.М.Достоевский;114;автор
584;А. Г. Достоевская;114;адресат
585;Ф.М.Достоевский;115;автор
586;А. Г. Достоевская;115;адресат
587;Ф.М.Достоевский;116;автор
588;А. Г. Достоевская;116;адресат
589;Ф.М.Достоевский;117;автор
590;А. Г. Достоевская;117;адресат
591;Ф.М.Достоевский;118;автор
592;А. Н. Майков;118;адресат
593;Аполлон Николаевич;118;упоминат
594;Анна Григорьевна;118;упоминат
595;Анна Григорьевна;118;упоминат
596;Анна Григорьевна;118;упоминат
597;Анна Григорьевна;118;упоминат
598;Анна Ивановна;118;упоминат
599;Анна Григорьевна;118;упоминат
600;Эмилиия Федоровна;118;упоминат
601;Анна Григорьевна;118;упоминат
602;Аполлон Николаевич;118;упоминат
603;Анна Григорьевна;118;упоминат
604;Анна Григорьевна;118;упоминат
605;Анна Николаевна;118;упоминат
606;Иван Александрович;118;упоминат
607;Аполлон Николаевич;118;упоминат
608;Эмилия Федоровна;118;упоминат
609;Эмилия Федоровна;118;упоминат
610;Анна Григорьевна;118;упоминат
611;Эмилиия Федоровна;118;упоминат
612;Анна Григорьевна;118;упоминат
613;Анна Григорьевна;118;упоминат
614;Аполлон Николаевич;118;упоминат
615;Эмилия Федоровна;118;упоминат
616;Анна Николаевна;Сниткину;118;упоминат
617;Анна Григорьевна;118;упоминат
618;Анна Ивановна;118;упоминат
619;Анна Григорьевна;118;упоминат
620;Федор Достоевский;118;упоминат
621;Ф.М.Достоевский;119;автор
622;A. H. Майков;119;адресат
623;Аполлон Николаевич;119;упоминат
624;Константин Иванович Бабикову;119;упоминат
625;Эмилия Федоровна;119;упоминат
626;Анна Ивановна;119;упоминат
627;Анна Ивановна;119;упоминат
628;Федор Достоевский;119;упоминат
629;Иванович Бабиков;119;упоминат
630;Анна Николавна;119;упоминат
631;Ф.М.Достоевский;120;автор
632;С. Д. Яновский;120;адресат
633;Степан Дмитриевич;120;упоминат
634;Александр Павлович Иванову;120;упоминат
635;Степан Дмитриевич;120;упоминат
636;Степан Дмитриевич;120;упоминат
637;Анна Григорьевна;120;упоминат
638;Александр Павлович;120;упоминат
639;Ф.М.Достоевский;121;автор
640;С. А. Иванова;121;адресат
641;Анна Григорьевна;121;упоминат
642;Анна Григорьевна;121;упоминат
643;Анна Григорьевна;121;упоминат
644;Анна Григорьевна;121;упоминат
645;Софья Александровна Ивановой;121;упоминат
646;Анна Григорьевна;121;упоминат
647;Елена Павловна;121;упоминат
648;Ф.М.Достоевский;122;автор
649;С. Д. Яновскому;122;адресат
650;Степан Дмитриевич;122;упоминат
651;Анна Григорьевна;122;упоминат
652;Северной Италии;122;упоминат
653;Анна Григорьевна;122;упоминат
654;Анна Григорьевна;122;упоминат
655;Степан Дмитриевич;122;упоминат
656;Ф.М.Достоевский;123;автор
657;А. Н. Майков;123;адресат
658;Аполлон Николаевич;123;упоминат
659;Эмилия Федоровна;123;упоминат
660;Анна Григорьевна;123;упоминат
661;Анна Григорьевна;123;упоминат
662;Анна Григорьевна;123;упоминат
663;Эмилия Федоровна;123;упоминат
664;Эмилия Федоровна;123;упоминат
665;Эмилия Федоровна;123;упоминат
666;Анна Ивановна;123;упоминат
667;Анна Ивановна;123;упоминат
668;Николай Николаевич Страхов;123;упоминат
669;Анна Ивановна;123;упоминат
670;Ф.М.Достоевский;124;автор
671;С. А. Иванова;124;адресат
672;Марья Дмитриевна;124;упоминат
673;Александр Павлович;124;упоминат
674;Евангелие Иоанна;124;упоминат
675;Дон Кихот;124;упоминат
676;Дон Кихот;124;упоминат
677;Софья Александровна Ивановой;124;упоминат
678;Анна Григорьевна;124;упоминат
679;Анна Григорьевна;124;упоминат
680;Аполлинарии Сусловой;124;упоминат
681;Александр Александрович;124;упоминат
682;Ф.М.Достоевский;125;автор
683;А. Н. Майков;125;адресат
684;Анна Григорьевна;125;упоминат
685;Анна Григорьевна;125;упоминат
686;Анна Григорьевна;125;упоминат
687;Эмилиия Федоровна;125;упоминат
688;Марья Дмитриевна;125;упоминат
689;Эмилия Федоровна;125;упоминат
690;Анна Ивановна;125;упоминат
691;Евгения Петровна;125;упоминат
692;Ф.М.Достоевский;126;автор
693;А. Н. Майков;126;адресат
694;Аполлон Николаевич;126;упоминат
695;Анна Николавна;126;упоминат
696;Анна Григорьевна;126;упоминат
697;Анна Ивановна;126;упоминат
698;Анна Николавна;126;упоминат
699;Анна Григорьевна;126;упоминат
700;Марья Дмитриевна;126;упоминат
701;Эмилия Федоровна;126;упоминат
702;Анна Григорьевна;126;упоминат
703;Анна Ивановна;126;упоминат
704;Настасьи Филипповны;126;упоминат
705;Ф.М.Достоевский;127;автор
706;А. Г. Достоевская;127;адресат
707;Михаил Никифорович;127;упоминат
708;Михаил Никифорович;127;упоминат
709;Михаил Никифорович;127;упоминат
710;Ф.М.Достоевский;128;автор
711;С. А. Иванова;128;адресат
712;Анна Григорьевна;128;упоминат
713;Анна Григорьевна;128;упоминат
714;Анна Григорьевна;128;упоминат
715;Анна Григорьевна;128;упоминат
716;Анна Григорьевна;128;упоминат
717;Анна Григорьевна;128;упоминат
718;Анна Григорьевна;128;упоминат
719;Анна Григорьевна;128;упоминат
720;Ф.М.Достоевский;129;автор
721;А. Н. Майков;129;адресат
722;Аполлон Николаевич;129;упоминат
723;Аполлон Майков;129;упоминат
724;Аполлон Николаевич;129;упоминат
725;Эмилия Федоровна;129;упоминат
726;Аполлон Николаевич;129;упоминат
727;Федор Достоевский;129;упоминат
728;Ф.М.Достоевский;130;автор
729;А. Н. Майков;130;адресат
730;Аполлон Николаевич;130;упоминат
731;Аполлон Николаевич;130;упоминат
732;Анна Григорьевна;130;упоминат
733;Анна Николавна;130;упоминат
734;Эмилия Федоровна;130;упоминат
735;Анна Ивановна;130;упоминат
736;Анна Ивановна;130;упоминат
737;Ф.М.Достоевский;131;автор
738;A. H. Майков;131;адресат
739;Аполлон Николаевич;131;упоминат
740;Анна Ивановна;131;упоминат
741;Ф.М.Достоевский;132;автор
742;РЕДАКТОРУ ОДНОГО ИЗ ИНОСТРАННЫХ ЖУРНАЛОВ;132;адресат
743;Ф.М.Достоевский;133;автор
744;А. Н. Майков;133;адресат
745;Аполлон Николаевич;133;упоминат
746;Поля Гримма;133;упоминат
747;Анна Григорьевна;133;упоминат
748;Анна Григорьевна;133;упоминат
749;Николай Николаевич;133;упоминат
750;Катков Николай Николаевич;133;упоминат
751;Николай Николаевич;133;упоминат
752;После Славянского;133;упоминат
753;Николай Николаевич;133;упоминат
754;Николая Николаевича;133;упоминат
755;Николай Николаевич;133;упоминат
756;Анна Григорьевна;133;упоминат
757;Ф.М.Достоевский;134;автор
758;A. H. Майков;134;адресат
759;Аполлон Николаевич;134;упоминат
760;Николай Николаевич;134;упоминат
761;Николай Николаевич;134;упоминат
762;Аполлон Григорьев;134;упоминат
763;Павле Прусском;134;упоминат
764;Любим Торцов;134;упоминат
765;Эмилия Федоровна;134;упоминат
766;Эмилия Федоровна;134;упоминат
767;Николай Иванович;134;упоминат
768;Эмилия Федоровна;134;упоминат
769;Эмилия Федоровна;134;упоминат
770;Эмилия Федоровна;134;упоминат
771;Анна Ивановна;134;упоминат
772;Ф.М.Достоевский;135;автор
773;H. H. Страхов;135;адресат
774;Николай Николаевич;135;упоминат
775;Николай Николаич;135;упоминат
776;Льва Толстого;135;упоминат
777;Николай Николаевич;135;упоминат
778;Аполлон Николаевич;135;упоминат
779;Николай Николаевич;135;упоминат
780;Аполлон Николаевич;135;упоминат
781;Аполлона Григорьева;135;упоминат
782;Федор Достоевский;135;упоминат
783;Ф.М.Достоевский;136;автор
784;С. А. Иванова;136;адресат
785;Александр Павлович;136;упоминат
786;Бедный Федя;136;упоминат
787;Марья Сергеевна;136;упоминат
788;Ф.М.Достоевский;137;автор
789;H. H. Страхов;137;адресат
790;Николай Николаевич;137;упоминат
791;Николай Николаевич;137;упоминат
792;Николай Николаевич;137;упоминат
793;Льву Толстому;137;упоминат
794;Льва Толстого;137;упоминат
795;Льва Толстого;137;упоминат
796;Николай Николаевич;137;упоминат
797;Статья Данилевского;137;упоминат
798;Николай Николаевич;137;упоминат
799;Николай Николаевич;137;упоминат
800;Николай Николаевич;137;упоминат
801;Эмилия Федоровна;137;упоминат
802;Николай Николаевич;137;упоминат
803;Аполлон Николаевич Майкову;137;упоминат
804;Марья Григорьевна Сватковской;137;упоминат
805;Марья Григорьевна Сватковская;137;упоминат
806;Аполлон Николаевич;137;упоминат
807;Аполлон Николаевич;137;упоминат
808;Эмилия Федоровна;137;упоминат
809;Анна Григорьевна;137;упоминат
810;Аполлон Николаевич;137;упоминат
811;Николай Николаевич;137;упоминат
812;Ф.М.Достоевский;138;автор
813;С. А. Иванова;138;адресат
814;Эмилия Федоровна;138;упоминат
815;Анна Григорьевна;138;упоминат
816;Александр Павлович;138;упоминат
817;Александр Павлович;138;упоминат
818;Эмилия Федоровна;138;упоминат
819;Анна Григорьевна;138;упоминат
820;Александр Павлович;138;упоминат
821;Александр Павлович;138;упоминат
822;Александр Павлович;138;упоминат
823;Елена Павловна;138;упоминат
824;Федор Достоевский;138;упоминат
825;Ф.М.Достоевский;139;автор
826;H. H. Страхов;139;адресат
827;Николай Николаевич;139;упоминат
828;Аполлона Николаевича;139;упоминат
829;Николай Николаевич;139;упоминат
830;Николай Николаевич;139;упоминат
831;Николай Николаевич;139;упоминат
832;Аполлон Григорьев;139;упоминат
833;Николай Николаевич;139;упоминат
834;Николай Николаевич;139;упоминат
835;Марья Григорьевна Сватковской;139;упоминат
836;Николай Николаевич;139;упоминат
837;Николай Николаевич;139;упоминат
838;Марьи Григорьевны Сватковской;139;упоминат
839;Первого Военно;139;упоминат
840;Николай Николаевич;139;упоминат
841;Ф.М.Достоевский;140;автор
842;H. H. Страхов;140;адресат
843;Николай Николаевич;140;упоминат
844;Анна Григорьевна;140;упоминат
845;Анна Григорьевна;140;упоминат
846;Николай Николаевич;140;упоминат
847;Николай Николаевич;140;упоминат
848;Марью Григорьевну Сватковскую;140;упоминат
849;Николай Николаевич;140;упоминат
850;Николай Николаевич;140;упоминат
851;Ф.М.Достоевский;141;автор
852;А. Н. Майков;141;адресат
853;Святая София;141;упоминат
854;Аполлону Бельведерскому;141;упоминат
855;Аполлон Николаевич;141;упоминат
856;Анна Григорьевна;141;упоминат
857;Анна Григорьевна;141;упоминат
858;Милейший Николай Николаевич;141;упоминат
859;Марья Григорьевна Сватковской;141;упоминат
860;Эмилия Федоровна;141;упоминат
861;Эмилия Федоровна;141;упоминат
862;Марья Григорьевна Сватковской;141;упоминат
863;Марью Григорьевн Базунов;141;упоминат
864;Марьи Григорьевны;141;упоминат
865;Эмилиия Федоровна;141;упоминат
866;Аполлон Николаевич;141;упоминат
867;Базуновым Александр Федорович;141;упоминат
868;Аполлон Николаевич;141;упоминат
869;Марья Григорьевна;141;упоминат
870;Марью Григорьевну;141;упоминат
871;Анна Григорьевна;141;упоминат
872;Фрола Скобеева;141;упоминат
873;Федор Достоевский;141;упоминат
874;Ф.М.Достоевский;142;автор
875;А. Н. Майков;142;адресат
876;Анна Григорьевна;142;упоминат
877;Эмилия Федоровна;142;упоминат
878;Эмилия Федоровна;142;упоминат
879;Базунова Паше;142;упоминат
880;Эмилия Федоровна;142;упоминат
881;Ф.М.Достоевский;143;автор
882;А. Н. Майкову;143;адресат
883;Аполлон Николаевич;143;упоминат
884;Аполлон Николаевич;143;упоминат
885;Александры Михайловны;143;упоминат
886;Александры Михайловны;143;упоминат
887;Павл Александрович;143;упоминат
888;Павл Александрович;143;упоминат
889;Федора Достоевского;143;упоминат
890;Федор Достоевский;143;упоминат
891;Ф.М.Достоевский;144;автор
892;H. H. Страхов;144;адресат
893;Николай Николаевич;144;упоминат
894;Николай Николаевич;144;упоминат
895;Николай Николаевич;144;упоминат
896;Николай Николаевич;144;упоминат
897;Николай Николаевич;144;упоминат
898;Федор Достоевский;144;упоминат
899;Ф.М.Достоевский;145;автор
900;H. H. Страхов;145;адресат
901;Николай Николаевич;145;упоминат
902;Николай Николаевич;145;упоминат
903;Николай Николаевич;145;упоминат
904;Петра Великого;145;упоминат
905;Николай Николаевич;145;упоминат
906;Ф.М.Достоевский;146;автор
907;А. Н. Майков;146;адресат
908;Аполлон Николаевич;146;упоминат
909;Аполлон Николаевич;146;упоминат
910;Николай Николаевич;146;упоминат
911;Аполлон Николаевич;146;упоминат
912;Тихона Задонского;146;упоминат
913;Павел Прусский;146;упоминат
914;Аполлон Николаевич;146;упоминат
915;Анна Ивановна;146;упоминат
916;Анна Николавна;146;упоминат
917;Анна Григорьевна;146;упоминат
918;Анна Ивановна;146;упоминат
919;Анна Ивановна;146;упоминат
920;Аполлон Николаевич;146;упоминат
921;Ф.М.Достоевский;147;автор
922;H. H. Страхов;147;адресат
923;Николай Николаевич;147;упоминат
924;Николай Николаевич;147;упоминат
925;Николай Николаевич;147;упоминат
926;Львом Толстым;147;упоминат
927;Николай Николаевич;147;упоминат
928;Николай Николаевич;147;упоминат
929;Николай Николаевич;147;упоминат
930;Николай Николаевич;147;упоминат
931;Федор Достоевский;147;упоминат
932;Ф.М.Достоевский;148;автор
933;H. H. Страхов;148;адресат
934;Николай Николаевич;148;упоминат
935;Николай Николаевич;148;упоминат
936;Николай Николаевич;148;упоминат
937;Федор Достоевский;148;упоминат
938;Ф.М.Достоевский;149;автор
939;M. H. Катков;149;адресат
940;Михаил Никифорович;149;упоминат
941;Нечаевым Иванова;149;упоминат
942;Петр Верховенский;149;упоминат
943;Михаил Никифорович;149;упоминат
944;Тихона Задонского;149;упоминат
945;Михаил Никифорович;149;упоминат
946;Михаил Никифорович;149;упоминат
947;Ф.М.Достоевский;150;автор
948;A. H. Майков;150;адресат
949;Аполлон Николаевич;150;упоминат
950;Николая Чудотворца;150;упоминат
951;Николай Чудотворец;150;упоминат
952;Аполлон Николаевич;150;упоминат
953;Павлы Анненковы;150;упоминат
954;Анна Григорьевна;150;упоминат
955;Федор Достоевский;150;упоминат
956;Ф.М.Достоевский;151;автор
957;H. H. Страхов;151;адресат
958;Николай Николаевич;151;упоминат
959;Николай Николаевич;151;упоминат
960;Николай Николаевич;151;упоминат
961;Николай Николаевич;151;упоминат
962;Николай Николаевич;151;упоминат
963;Федор Достоевский;151;упоминат
964;Ф.М.Достоевский;152;автор
965;H. H. Страхов;152;адресат
966;Николай Николаевич;152;упоминат
967;Америке Огородникова;152;упоминат
968;Николай Николаевич;152;упоминат
969;Аполлон Николаевич Майков;152;упоминат
970;Николай Николаевич;152;упоминат
971;Николай Николаевич;152;упоминат
972;Федор Достоевский;152;упоминат
973;Ф.М.Достоевский;153;автор
974;H. H. Страхов;153;адресат
975;Николай Николаевич;153;упоминат
976;Николай Николаевич;153;упоминат
977;Николай Николаевич;153;упоминат
978;Наполеона Блюхер;153;упоминат
979;Николай Николаевич;153;упоминат
980;Николай Николаевич;153;упоминат
981;Ф.М.Достоевский;154;автор
982;А. Н. Майков;154;адресат
983;Аполлон Николаевич;154;упоминат
984;Степан Трофимович;154;упоминат
985;Ф.М.Достоевский;155;автор
986;H. H. Страхов;155;адресат
987;Николай Николаевич;155;упоминат
988;Льва Толстого;155;упоминат
989;Николай Николаевич;155;упоминат
990;Николай Николаевич;155;упоминат
991;Николай Николаевич;155;упоминат
992;Николай Николаевич;155;упоминат
993;Николай Николаевич;155;упоминат
994;Ф.М.Достоевский;156;автор
995;H. H. Страхов;156;адресат
996;Николай Николаевич;156;упоминат
997;Николай Николаевич;156;упоминат
998;Николай Николаевич;156;упоминат
999;Ф.М.Достоевский;157;автор
1000;H. H. Страхов;157;адресат
1001;Николай Николаевич;157;упоминат
1002;Западе Христа;157;упоминат
1003;Феликсу Пиа;157;упоминат
1004;Льва Толстого;157;упоминат
1005;Ф.М.Достоевский;158;автор
1006;В. Д. Оболенская;158;адресат
1007;Варвара Дмитриевна;158;упоминат
1008;Ф.М.Достоевский;159;автор
1009;H. A. Любимов;159;адресат
1010;Николай Алексеевич;159;упоминат
1011;Николай Алексеевич;159;упоминат
1012;Ф.М.Достоевский;160;автор
1013;A. A. Романов;160;адресат
1014;Ф.М.Достоевский;161;автор
1015;М. П. Погодин;161;адресат
1016;Михаил Петрович;161;упоминат
1017;Ф.М.Достоевский;162;автор
1018;M. П. Погодин;162;адресат
1019;Михаил Петрович;162;упоминат
1020;Крыма Страхов;162;упоминат
1021;Михаил Петрович;162;упоминат
1022;Сергеевич Аксаков;162;упоминат
1023;Михаил Петрович;162;упоминат
1024;России Восточный;162;упоминат
1025;Михаил Петрович;162;упоминат
1026;Михаил Петрович;162;упоминат
1027;Ф.М.Достоевский;163;автор
1028;М. П. Федоров;163;адресат
1029;Михаил Павлович;163;упоминат
1030;Федор Достоевский;163;упоминат
1031;Ф.М.Достоевский;164;автор
1032;В. П. Мещерский;164;адресат
1033;Ф.М.Достоевский;165;автор
1034;А. Ф. Кони;165;адресат
1035;Анатолий Федорович;165;упоминат
1036;Ф.М.Достоевский;166;автор
1037;А. Г. Достоевская;166;адресат
1038;Анна Гавриловна;166;упоминат
1039;Анна Гавриловна;166;упоминат
1040;Анна Гавриловна;166;упоминат
1041;Ф.М.Достоевский;167;автор
1042;Н. А. Некрасов;167;адресат
1043;Николай Алексеевич;167;упоминат
1044;Федор Достоевский;167;упоминат
1045;Ф.М.Достоевский;168;автор
1046;А. Г. Достоевская;168;адресат
1047;Всеволод Сергеевич Соловьев;168;упоминат
1048;Аполлон Николаевич;168;упоминат
1049;Порфирий Ламанский;168;упоминат
1050;Ф.М.Достоевский;169;автор
1051;А. Г. Достоевская;169;адресат
1052;Старой Руссе;169;упоминат
1053;Льва Толстого;169;упоминат
1054;Татьяна Павловна;169;упоминат
1055;Ф.М.Достоевский;170;автор
1056;А. Г. Достоевская;170;адресат
1057;Анна Ивановна;170;упоминат
1058;Михаил Николаевич;170;упоминат
1059;Ф.М.Достоевский;171;автор
1060;А. Г. Достоевская;171;адресат
1061;Ф.М.Достоевский;172;автор
1062;А. Г. Достоевская;172;адресат
1063;Старой Руссы;172;упоминат
1064;Старой Руссе;172;упоминат
1065;Анна Каренина;172;упоминат
1066;Ивана Григорьевича;172;упоминат
1067;Ф.М.Достоевский;173;автор
1068;А. Н. Плещеев;173;адресат
1069;Алексей Николаевич;173;упоминат
1070;Николай Алексеевич;173;упоминат
1071;Алексей Николаевич;173;упоминат
1072;Ф.М.Достоевский;174;автор
1073;Я. П. Полонский;174;адресат
1074;Яков Петрович;174;упоминат
1075;Ф.М.Достоевский;175;автор
1076;X. Д. Алчевская;175;адресат
1077;Христина Даниловна;175;упоминат
1078;Лев Толстой;175;упоминат
1079;Христина Даниловна;175;упоминат
1080;Федор Достоевский;175;упоминат
1081;Ф.М.Достоевский;176;автор
1082;С. Е. Лурье;176;адресат
1083;Софья Ефимовна;176;упоминат
1084;Ф.М.Достоевский;177;автор
1085;В. А. Алексеев;177;адресат
1086;Слове Своем;177;упоминат
1087;Ф.М.Достоевский;178;автор
1088;А. Г. Достоевская;178;адресат
1089;Ф.М.Достоевский;179;автор
1090;с. С. Соловьев;179;адресат
1091;Всеволод Сергеевич;179;упоминат
1092;Старой Руссе;179;упоминат
1093;Анна Григорьевна;179;упоминат
1094;Старую Руссу;179;упоминат
1095;Анна Григорьевна;179;упоминат
1096;Старой Руссы;179;упоминат
1097;Ф.М.Достоевский;180;автор
1098;А. Г. Достоевская;180;адресат
1099;Ф.М.Достоевский;181;автор
1100;Л. В. Головина;181;адресат
1101;Любовь Валерьяновна;181;упоминат
1102;Любовь Валерьяновна;181;упоминат
1103;Федор Достоевский;181;упоминат
1104;Ф.М.Достоевский;182;автор
1105;К. И. Маслянников;182;адресат
1106;Анна Петровна;Борейша;182;упоминат
1107;Анна Петровна;182;упоминат
1108;Ф.М.Достоевский;183;автор
1109;А. Ф. Герасимова;183;адресат
1110;Анна Павловн Философов;183;упоминат
1111;Ф.М.Достоевский;184;автор
1112;С. Е. Лурье;184;адресат
1113;Софья Ефимовна;184;упоминат
1114;Федор Достоевский;184;упоминат
1115;Ф.М.Достоевский;185;автор
1116;С. Е. Лурье;185;адресат
1117;Софья Ефимовна;185;упоминат
1118;Виктора Гюго;185;упоминат
1119;Виктора Гюго;185;упоминат
1120;Ф.М.Достоевский;186;автор
1121;А. Г. Достоевской;186;адресат
1122;Марья Николаевна;186;упоминат
1123;Марья Николаевна;186;упоминат
1124;Ф.М.Достоевский;187;автор
1125;А. Г. Достоевская;187;адресат
1126;Марья Николаевна;187;упоминат
1127;Малый Прикол;187;упоминат
1128;Елена Павловна;187;упоминат
1129;Марья Николаевна;187;упоминат
1130;Михаил Николаевич Сниткина;187;упоминат
1131;Марьи Николаевны;187;упоминат
1132;Елена Павловна;187;упоминат
1133;Елена Павловна;187;упоминат
1134;Елена Павловна;Ивановой;187;упоминат
1135;Ф.М.Достоевский;188;автор
1136;Д. В. Аверкиев;188;адресат
1137;Ф.М.Достоевский;189;автор
1138;Д. В. Аверкиев;189;адресат
1139;Ф.М.Достоевский;190;автор
1140;Н. Л. Озмидов;190;адресат
1141;Николай Лукич;190;упоминат
1142;Николай Лукич;190;упоминат
1143;Ф.М.Достоевский;191;автор
1144;В. В. Михайлов;191;адресат
1145;Аполлон Николаевич Майкову;191;упоминат
1146;Старой Руссе;191;упоминат
1147;Федор Достоевский;191;упоминат
1148;Ф.М.Достоевский;192;автор
1149;Н. П. Петерсон;192;адресат
1150;Николай Павлович;192;упоминат
1151;Владимир Сергеевич Соловьеву;192;упоминат
1152;Николай Павлович;192;упоминат
1153;Ф.М.Достоевский;193;автор
1154;НЕУСТАНОВЛЕННОМУ ЛИЦУ;193;адресат
1155;Федор Достоевский;193;упоминат
1156;Ф.М.Достоевский;194;автор
1157;Э. АБУ;194;адресат
1158;Виктора Гюго;194;упоминат
1159;Ф.М.Достоевский;195;автор
1160;Ф. Ф. Радецкий;195;адресат
1161;Александр Иванович;195;упоминат
1162;Федор Федорович;195;упоминат
1163;Ф.М.Достоевский;196;автор
1164;А. П. Философова;196;адресат
1165;Анна Павловна;196;упоминат
1166;Ф.М.Достоевский;197;автор
1167;H. M. Достоевский;197;адресат
1168;Николай Михайлович;197;упоминат
1169;Больш Охтенск;197;упоминат
1170;Федор Михайлович;197;упоминат
1171;Ф.М.Достоевский;198;автор
1172;П. А. Исаев;198;адресат
1173;Павел Александрович;198;упоминат
1174;Ф.М.Достоевский;199;автор
1175;А. Г. Достоевская;199;адресат
1176;Ф.М.Достоевский;200;автор
1177;А. Г. Достоевская;200;адресат
1178;Старую Руссу;200;упоминат
1179;Старую Руссу;200;упоминат
1180;Елена Павловна;200;упоминат
1181;Ольги Кирилловны;200;упоминат
1182;Ф.М.Достоевский;201;автор
1183;А. Г. Достоевская;201;адресат
1184;Елена Павловна;201;упоминат
1185;Старую Руссу;201;упоминат
1186;Анна Николаевна;201;упоминат
1187;Ф.М.Достоевский;202;автор
1188;С. А. Юрьев;202;адресат
1189;Сергей Андреевич;202;упоминат
1190;Михаил Никифорович;202;упоминат
1191;Старой Руссе;202;упоминат
1192;Ф.М.Достоевский;203;автор
1193;А. Г. Достоевская;203;адресат
1194;Михаил Никифорович;203;упоминат
1195;Софья Петровна;203;упоминат
1196;Андреем Первозванным;203;упоминат
1197;Софья Петровна;203;упоминат
1198;Елена Павловна;203;упоминат
1199;Елена Павловна;203;упоминат
1200;Ф.М.Достоевский;204;автор
1201;А. Г. Достоевская;204;адресат
1202;Ольга Федоровна;Шер;204;упоминат
1203;Машеньки Ивановой;204;упоминат
1204;Елена Павловна;204;упоминат
1205;Ф.М.Достоевский;205;автор
1206;В. П. Гаевский;205;адресат
1207;Виктор Павлович;205;упоминат
1208;Ф.М.Достоевский;206;автор
1209;В. Ф. Пуцыкович;206;адресат
1210;Виктор Феофилович;206;упоминат
1211;Михаил Никифорович;206;упоминат
1212;Михаил Никифорович;206;упоминат
1213;Ф.М.Достоевский;207;автор
1214;К. К. Романов;207;адресат
1215;Сергея Александровича;207;упоминат
1216;Ф.М.Достоевский;208;автор
1217;H. A. Любимов;208;адресат
1218;Николай Алексеевич;208;упоминат
1219;Старую Руссу;208;упоминат
1220;Николай Алексеевич;208;упоминат
1221;Николай Алексеевич;208;упоминат
1222;Старая Русса;208;упоминат
1223;Федор Михайлович Достоевскому;208;упоминат
1224;Николай Алексеевич;208;упоминат
1225;Михаил Никифорович;208;упоминат
1226;Николай Алексеевич;208;упоминат
1227;Ф.М.Достоевский;209;автор
1228;К. П. Победоносцев;209;адресат
1229;Константин Петрович;209;упоминат
1230;Петра Великого;209;упоминат
1231;Константин Петрович;209;упоминат
1232;Старая Русса;209;упоминат
1233;Михайловичу Достоевскому;209;упоминат
1234;Ф.М.Достоевский;210;автор
1235;Н. А. Любимов;210;адресат
1236;Иван Карамазов;210;упоминат
1237;Амура Гвидо Рени;210;упоминат
1238;Николай Алексеевич;210;упоминат
1239;Ф.М.Достоевский;211;автор
1240;Н. А. Любимов;211;адресат
1241;Николай Алексеевич;211;упоминат
1242;Русской Земли;211;упоминат
1243;Николай Алексеевич;211;упоминат
1244;Михаил Никифорович;211;упоминат
1245;Николай Алексеевич;211;упоминат
1246;Михаил Никифорович;211;упоминат
1247;Михаил Никифорович;211;упоминат
1248;Михаил Никифорович;211;упоминат
1249;Николай Алексеевич;211;упоминат
1250;Ф.М.Достоевский;212;автор
1251;E. А. Штакеншнейдер;212;адресат
1252;Елена Андреевна;212;упоминат
1253;Ф.М.Достоевский;213;автор
1254;Ф. ТОМА;213;адресат
1255;Ф.М.Достоевский;214;автор
1256;А. П. Философова;214;адресат
1257;Анна Павловна;214;упоминат
1258;Анна Павловна;214;упоминат
1259;Ф.М.Достоевский;215;автор
1260;Н. А. Любимов;215;адресат
1261;Николай Алексеевич;215;упоминат
1262;Николай Алексеевич;215;упоминат
1263;Тихона Задонского;215;упоминат
1264;Николай Алексеевич;215;упоминат
1265;Михаил Никифорович;215;упоминат
1266;Алексея Карамазова;215;упоминат
1267;Алексеем Карамазовым;215;упоминат
1268;Старой Руссы;215;упоминат
1269;Старую Руссу;215;упоминат
1270;Николай Алексеевич;215;упоминат
1271;Старую Руссу;215;упоминат
1272;Ф.М.Достоевский;216;автор
1273;А. Г. Достоевская;216;адресат
1274;Старую Руссу;216;упоминат
1275;Эмилия Федоровна;216;упоминат
1276;Федор Михайлович;216;упоминат
1277;Ф.М.Достоевский;217;автор
1278;К. П. Победоносцев;217;адресат
1279;Константин Петрович;217;упоминат
1280;Евгения Маркова;217;упоминат
1281;Старую Руссу;217;упоминат
1282;Константин Петрович;217;упоминат
1283;Ф.М.Достоевский;218;автор
1284;Н. А. Любимов;218;адресат
1285;Николай Алексеевич;218;упоминат
1286;Николай Алексеевич;218;упоминат
1287;Мити Карамазова;218;упоминат
1288;Николай Алексеевич;218;упоминат
1289;Николай Алексеевич;218;упоминат
1290;Ф.М.Достоевский;219;автор
1291;В. В. Самойлов;219;адресат
1292;Ф.М.Достоевский;220;автор
1293;А. Н. Курносова;220;адресат
1294;Ф.М.Достоевский;221;автор
1295;Е. Ф. Юнге;221;адресат
1296;Катерина Федоровна;221;упоминат
1297;Владимир Соловьев;221;упоминат
1298;Катерина Федоровна;221;упоминат
1299;Ф.М.Достоевский;222;автор
1300;А. С. Суворин;222;адресат
1301;Алексей Сергеевич;222;упоминат
1302;Ф.М.Достоевский;223;автор
1303;А. Г. Достоевская;223;адресат
1304;Анна Николавна;223;упоминат
1305;Елена Павловна;223;упоминат
1306;Елена Павловна;223;упоминат
1307;Ф.М.Достоевский;224;автор
1308;А. Г. Достоевская;224;адресат
1309;Николай Аксаков;224;упоминат
1310;Иван Сергеевич Аксакову;224;упоминат
1311;Елена Павловна;224;упоминат
1312;Нину Ивановых;224;упоминат
1313;Елена Павловна;224;упоминат
1314;Веры Михайловны;224;упоминат
1315;Николаем Аксаковым;224;упоминат
1316;Елена Павловна;224;упоминат
1317;Ф.М.Достоевский;225;автор
1318;А. Г. Достоевская;225;адресат
1319;Николай Аксаков;225;упоминат
1320;Иван Сергеевич Аксаков;225;упоминат
1321;Николай Аксаков;225;упоминат
1322;Николай Рубинштейн;225;упоминат
1323;Николай Рубинштейн;225;упоминат
1324;Старую Руссу;225;упоминат
1325;Елена Павловна;225;упоминат
1326;Елена Павловна;225;упоминат
1327;Машеньке Ивановой;225;упоминат
1328;Елена Павловна;225;упоминат
1329;Елена Павловна;225;упоминат
1330;Елена Павловна;225;упоминат
1331;Елена Павловна;225;упоминат
1332;Иван Сергеевич Аксаков;225;упоминат
1333;Затем Юрьев;225;упоминат
1334;Иван Аксаков;225;упоминат
1335;Ф.М.Достоевский;226;автор
1336;А. Г. Достоевская;226;адресат
1337;Пушкина Павлищев;226;упоминат
1338;Елена Павловна;226;упоминат
1339;Елена Павловна;226;упоминат
1340;Льва Толстого;226;упоминат
1341;Ф.М.Достоевский;227;автор
1342;А. Г. Достоевская;227;адресат
1343;Федор Михайлович;227;упоминат
1344;Константин Константинович;227;упоминат
1345;Елена Павловна;227;упоминат
1346;Елена Павловна;227;упоминат
1347;Льве Толстом;227;упоминат
1348;Ясную Поляну;227;упоминат
1349;Анна Григорьевна;227;упоминат
1350;Елена Павловна;227;упоминат
1351;Ф.М.Достоевский;228;автор
1352;А. Г. Достоевская;228;адресат
1353;Иван Сергеевич Аксаков;228;упоминат
1354;Иван Аксаков;228;упоминат
1355;Варвара Михайловна;228;упоминат
1356;Дона Анна;228;упоминат
1357;Елена Павловна;228;упоминат
1358;Николаем Японским;228;упоминат
1359;Елена Павловна;228;упоминат
1360;Ф.М.Достоевский;229;автор
1361;А. Г. Достоевская;229;адресат
1362;Анна Николавна Энгельгардт;229;упоминат
1363;Иван Сергеевич Аксаков;229;упоминат
1364;Елена Павловна;229;упоминат
1365;Тестов Григорович;229;упоминат
1366;Елена Павловна;229;упоминат
1367;Елена Павловна;229;упоминат
1368;Елена Павловна;229;упоминат
1369;Елена Павловна;229;упоминат
1370;Елена Павловна;229;упоминат
1371;Ф.М.Достоевский;230;автор
1372;А. Г. Достоевская;230;адресат
1373;Гоголя Аксаков;230;упоминат
1374;Елена Павловна;230;упоминат
1375;Анна Николаевна;Энгельгардт;230;упоминат
1376;Пушкин Тютчев;230;упоминат
1377;Анна Николавна;230;упоминат
1378;Ф.М.Достоевский;231;автор
1379;А. Г. Достоевская;231;адресат
1380;Елена Павловна;231;упоминат
1381;Елена Павловна;231;упоминат
1382;Анна Николавна;231;упоминат
1383;Иван Аксаков;231;упоминат
1384;Ф.М.Достоевский;232;автор
1385;А. Г. Достоевская;232;адресат
1386;Пушкина Скупого;232;упоминат
1387;Ф.М.Достоевский;233;автор
1388;А. Г. Достоевская;233;адресат
1389;Анна Николаевна;Энгельгардт;233;упоминат
1390;Федор Петрович Корнилов;233;упоминат
1391;Ф.М.Достоевский;234;автор
1392;А. Г. Достоевская;234;адресат
1393;Иван Аксаков;234;упоминат
1394;Ф.М.Достоевский;235;автор
1395;А. Г. Достоевская;235;адресат
1396;Ф.М.Достоевский;236;автор
1397;С. А. Толстой;236;адресат
1398;София Андреевна;236;упоминат
1399;Старую Руссу;236;упоминат
1400;Софья Андреевна;236;упоминат
1401;Вера Николаевна Третьяковой;236;упоминат
1402;Софья Андреевна;236;упоминат
1403;Юлия Федоровна;236;упоминат
1404;Владимир Сергеевич;236;упоминат
1405;Ф.М.Достоевский;237;автор
1406;Е. А. Штакеншнейдер;237;адресат
1407;Елена Андреевна;237;упоминат
1408;Елена Андреевна;237;упоминат
1409;Тургенев Каткова;237;упоминат
1410;Иван Аксаков;237;упоминат
1411;Андреюб Андреевичу;237;упоминат
1412;Марья Федоровна;237;упоминат
1413;Ольга Андреевна;237;упоминат
1414;Софья Ивановна;237;упоминат
1415;Ф.М.Достоевский;238;автор
1416;Н. А. Любимов;238;адресат
1417;Николай Алексеевич;238;упоминат
1418;Николай Алексеевич;238;упоминат
1419;Николай Алексеевич;238;упоминат
1420;Николай Алексеевич;238;упоминат
1421;Михаил Никифорович;238;упоминат
1422;Старую Руссу;238;упоминат
1423;Ф.М.Достоевский;239;автор
1424;А. Г. Достоевская;239;адресат
1425;Марья Николаевна;239;упоминат
1426;Ф.М.Достоевский;240;автор
1427;М. А. Поливанова;240;адресат
1428;Марья Александровна;240;упоминат
1429;Старой Руссе;240;упоминат
1430;Ф.М.Достоевский;241;автор
1431;Н. Л. Озмидов;241;адресат
1432;Николай Лукич;241;упоминат
1433;Жиль Блаз;241;упоминат
1434;Мексики Прескотта;241;упоминат
1435;Ф.М.Достоевский;242;автор
1436;И. С. Аксаков;242;адресат
1437;Иван Сергеевич;242;упоминат
1438;Ф.М.Достоевский;243;автор
1439;H. A. Любимов;243;адресат
1440;Николай Алексеевич;243;упоминат
1441;Старой Руссе;243;упоминат
1442;Михаил Никифорович;243;упоминат
1443;Николай Алексеевич;243;упоминат
1444;Луи Блан;243;упоминат
1445;Михайловичу Достоевскому;243;упоминат
1446;Ф.М.Достоевский;244;автор
1447;Н. А. Любимов;244;адресат
1448;Николай Алексеевич;244;упоминат
1449;Михаил Никифорович;244;упоминат
1450;Ф.М.Достоевский;245;автор
1451;А. А. Толстой;245;адресат
1452;Александра Андреевна;245;упоминат
1453;Ф.М.Достоевский;246;автор
1454;Н. А. Любимов;246;адресат
1455;Николай Алексеевич;246;упоминат
1456;Михаил Никифорович;246;упоминат
1457;Михаил Никифорович;246;упоминат
1458;Ф.М.Достоевский;247;автор
1459;Е. Н. Гейден;247;адресат
1460;Федор Михайлович;247;упоминат
